dmg_health,player_steamid,attacker_name,hitgroup,tick,player_name,health,armor,attacker_steamid,weapon,dmg_armor,event_name,match_id
126,76561198421514418,Connan,1,1249,rodrigaoobrabo,0,100,76561198026214582,m4a1,0,player_hurt,c3ddd683
90,76561198397576589,Luiz,1,1363,AVARA KÉRABA,10,100,76561198100001022,glock,0,player_hurt,c3ddd683
10,76561198397576589,Luiz,2,1409,AVARA KÉRABA,0,93,76561198100001022,glock,6,player_hurt,c3ddd683
40,76561197996437459,MonsTro,2,1411,【﻿ＰＫ】,60,98,76561198340888446,deagle,1,player_hurt,c3ddd683
22,76561198051880621,Erick,2,1449,Cujura,78,96,76561198000238678,galilar,3,player_hurt,c3ddd683
22,76561198051880621,Erick,4,1455,Cujura,56,92,76561198000238678,galilar,3,player_hurt,c3ddd683
22,76561198051880621,Erick,2,1461,Cujura,34,88,76561198000238678,galilar,3,player_hurt,c3ddd683
21,76561198051880621,Erick,7,1473,Cujura,13,88,76561198000238678,galilar,0,player_hurt,c3ddd683
22,76561198000238678,Cujura,5,1489,Erick,78,96,76561198051880621,galilar,3,player_hurt,c3ddd683
22,76561198000238678,Cujura,5,1495,Erick,56,92,76561198051880621,galilar,3,player_hurt,c3ddd683
22,76561198051880621,Erick,2,1505,Cujura,0,84,76561198000238678,galilar,3,player_hurt,c3ddd683
43,76561197996437459,MonsTro,2,1619,【﻿ＰＫ】,17,96,76561198340888446,deagle,1,player_hurt,c3ddd683
111,76561198100001022,AVARA KÉRABA,1,1629,Luiz,0,100,76561198397576589,famas,0,player_hurt,c3ddd683
138,76561198051880621,Erick,1,1831,Cujura,0,100,76561198000238678,ak47,0,player_hurt,c3ddd683
153,76561198421514418,Connan,0,1865,rodrigaoobrabo,0,86,76561198026214582,knife,13,player_hurt,c3ddd683
56,76561198340888446,【﻿ＰＫ】,3,1951,MonsTro,44,97,76561197996437459,deagle,2,player_hurt,c3ddd683
21,76561198100001022,AVARA KÉRABA,7,1989,Luiz,79,100,76561198397576589,galilar,0,player_hurt,c3ddd683
116,76561198100001022,AVARA KÉRABA,1,2001,Luiz,0,100,76561198397576589,galilar,0,player_hurt,c3ddd683
43,76561198340888446,【﻿ＰＫ】,2,2243,MonsTro,1,95,76561197996437459,deagle,1,player_hurt,c3ddd683
88,76561198000238678,Cujura,1,2251,Erick,12,100,76561198051880621,glock,0,player_hurt,c3ddd683
43,76561197996437459,MonsTro,2,2293,【﻿ＰＫ】,0,94,76561198340888446,deagle,1,player_hurt,c3ddd683
22,76561198397576589,Luiz,2,2295,AVARA KÉRABA,78,96,76561198100001022,galilar,3,player_hurt,c3ddd683
88,76561198051880621,Erick,1,2299,Cujura,12,100,76561198000238678,glock,0,player_hurt,c3ddd683
22,76561198397576589,Luiz,2,2301,AVARA KÉRABA,56,92,76561198100001022,galilar,3,player_hurt,c3ddd683
22,76561198397576589,Luiz,2,2313,AVARA KÉRABA,34,88,76561198100001022,galilar,3,player_hurt,c3ddd683
22,76561198100001022,AVARA KÉRABA,2,2317,Luiz,78,96,76561198397576589,galilar,3,player_hurt,c3ddd683
6,76561198100001022,AVARA KÉRABA,5,2321,Luiz,72,95,76561198397576589,galilar,0,player_hurt,c3ddd683
22,76561198397576589,Luiz,2,2363,AVARA KÉRABA,12,84,76561198100001022,galilar,3,player_hurt,c3ddd683
10,76561198051880621,Erick,5,2365,Cujura,2,94,76561198000238678,glock,5,player_hurt,c3ddd683
115,76561198100001022,AVARA KÉRABA,1,2365,Luiz,0,95,76561198397576589,galilar,0,player_hurt,c3ddd683
12,76561198051880621,Erick,3,2375,Cujura,0,86,76561198000238678,glock,7,player_hurt,c3ddd683
153,76561198421514418,Connan,0,2613,rodrigaoobrabo,0,86,76561198026214582,knife,13,player_hurt,c3ddd683
10,76561198100001022,AVARA KÉRABA,2,2693,Luiz,90,93,76561198397576589,glock,6,player_hurt,c3ddd683
24,76561198340888446,【﻿ＰＫ】,2,2743,MonsTro,76,94,76561197996437459,m4a1,5,player_hurt,c3ddd683
24,76561198340888446,【﻿ＰＫ】,5,2751,MonsTro,52,88,76561197996437459,m4a1,5,player_hurt,c3ddd683
10,76561198397576589,Luiz,2,2757,AVARA KÉRABA,90,93,76561198100001022,glock,6,player_hurt,c3ddd683
24,76561197996437459,MonsTro,2,2771,【﻿ＰＫ】,76,94,76561198340888446,m4a1,5,player_hurt,c3ddd683
24,76561197996437459,MonsTro,2,2777,【﻿ＰＫ】,52,88,76561198340888446,m4a1,5,player_hurt,c3ddd683
123,76561197996437459,MonsTro,1,2789,【﻿ＰＫ】,0,88,76561198340888446,m4a1,0,player_hurt,c3ddd683
90,76561198397576589,Luiz,1,2797,AVARA KÉRABA,0,93,76561198100001022,glock,0,player_hurt,c3ddd683
19,76561198000238678,Siraissi,2,2815,Erick,81,95,76561198178993731,famas,4,player_hurt,c3ddd683
24,76561198000238678,Siraissi,3,2827,Erick,57,89,76561198178993731,famas,5,player_hurt,c3ddd683
21,76561198000238678,Siraissi,6,2837,Erick,36,89,76561198178993731,famas,0,player_hurt,c3ddd683
19,76561198178993731,Erick,2,2843,Siraissi,81,95,76561198000238678,famas,4,player_hurt,c3ddd683
24,76561198000238678,Siraissi,3,2875,Erick,12,83,76561198178993731,famas,5,player_hurt,c3ddd683
19,76561198178993731,Erick,2,2879,Siraissi,62,90,76561198000238678,famas,4,player_hurt,c3ddd683
21,76561198000238678,Siraissi,7,2893,Erick,0,83,76561198178993731,famas,0,player_hurt,c3ddd683
18,76561198051880621,Talevor,3,3001,Cujura,82,90,76561198124241179,hkp2000,9,player_hurt,c3ddd683
118,76561198124241179,Cujura,1,3003,Talevor,0,100,76561198051880621,hkp2000,0,player_hurt,c3ddd683
37,76561198100001022,AVARA KÉRABA,2,3005,Luiz,63,98,76561198397576589,deagle,1,player_hurt,c3ddd683
22,76561198026214582,【﻿ＰＫ】,5,3005,Connan,78,96,76561197996437459,galilar,3,player_hurt,c3ddd683
22,76561198026214582,【﻿ＰＫ】,2,3011,Connan,56,92,76561197996437459,galilar,3,player_hurt,c3ddd683
22,76561197996437459,Connan,2,3015,【﻿ＰＫ】,78,96,76561198026214582,galilar,3,player_hurt,c3ddd683
22,76561197996437459,Connan,2,3021,【﻿ＰＫ】,56,92,76561198026214582,galilar,3,player_hurt,c3ddd683
22,76561197996437459,Connan,2,3037,【﻿ＰＫ】,34,88,76561198026214582,galilar,3,player_hurt,c3ddd683
22,76561197996437459,Connan,2,3049,【﻿ＰＫ】,12,84,76561198026214582,galilar,3,player_hurt,c3ddd683
22,76561198026214582,【﻿ＰＫ】,2,3049,Connan,34,88,76561197996437459,galilar,3,player_hurt,c3ddd683
22,76561198026214582,【﻿ＰＫ】,5,3055,Connan,12,84,76561197996437459,galilar,3,player_hurt,c3ddd683
28,76561198026214582,【﻿ＰＫ】,3,3091,Connan,0,79,76561197996437459,galilar,4,player_hurt,c3ddd683
155,76561198397576589,Luiz,1,3153,AVARA KÉRABA,0,100,76561198100001022,deagle,0,player_hurt,c3ddd683
23,76561198178993731,Erick,2,3257,Siraissi,77,94,76561198000238678,m4a1,5,player_hurt,c3ddd683
106,76561198421514418,MonsTro,1,3269,rodrigaoobrabo,0,100,76561198340888446,glock,0,player_hurt,c3ddd683
29,76561198000238678,Siraissi,3,3275,Erick,71,93,76561198178993731,m4a1,6,player_hurt,c3ddd683
23,76561198178993731,Erick,2,3275,Siraissi,54,88,76561198000238678,m4a1,5,player_hurt,c3ddd683
23,76561198000238678,Siraissi,5,3281,Erick,48,87,76561198178993731,m4a1,5,player_hurt,c3ddd683
23,76561198000238678,Siraissi,2,3287,Erick,25,81,76561198178993731,m4a1,5,player_hurt,c3ddd683
19,76561198100001022,AVARA KÉRABA,5,3329,Luiz,81,95,76561198397576589,famas,4,player_hurt,c3ddd683
26,76561197996437459,Connan,2,3331,【﻿ＰＫ】,74,96,76561198026214582,ak47,3,player_hurt,c3ddd683
24,76561198100001022,AVARA KÉRABA,3,3333,Luiz,57,89,76561198397576589,famas,5,player_hurt,c3ddd683
26,76561197996437459,Connan,2,3339,【﻿ＰＫ】,48,92,76561198026214582,ak47,3,player_hurt,c3ddd683
33,76561198026214582,【﻿ＰＫ】,3,3353,Connan,67,95,76561197996437459,ak47,4,player_hurt,c3ddd683
19,76561198100001022,AVARA KÉRABA,5,3363,Luiz,38,84,76561198397576589,famas,4,player_hurt,c3ddd683
19,76561198397576589,Luiz,2,3369,AVARA KÉRABA,81,95,76561198100001022,famas,4,player_hurt,c3ddd683
26,76561197996437459,Connan,2,3371,【﻿ＰＫ】,22,88,76561198026214582,ak47,3,player_hurt,c3ddd683
26,76561198026214582,【﻿ＰＫ】,2,3373,Connan,41,91,76561197996437459,ak47,3,player_hurt,c3ddd683
26,76561198026214582,【﻿ＰＫ】,2,3379,Connan,15,87,76561197996437459,ak47,3,player_hurt,c3ddd683
19,76561198100001022,AVARA KÉRABA,2,3379,Luiz,19,79,76561198397576589,famas,4,player_hurt,c3ddd683
19,76561198100001022,AVARA KÉRABA,2,3385,Luiz,0,74,76561198397576589,famas,4,player_hurt,c3ddd683
26,76561197996437459,Connan,2,3421,【﻿ＰＫ】,0,84,76561198026214582,ak47,3,player_hurt,c3ddd683
84,76561198051880621,Talevor,6,3573,Cujura,16,100,76561198124241179,awp,0,player_hurt,c3ddd683
23,76561198000238678,Siraissi,5,3585,Erick,2,75,76561198178993731,m4a1,5,player_hurt,c3ddd683
23,76561198000238678,Siraissi,2,3591,Erick,0,69,76561198178993731,m4a1,5,player_hurt,c3ddd683
23,76561197996437459,Connan,2,3607,【﻿ＰＫ】,77,94,76561198026214582,m4a1,5,player_hurt,c3ddd683
23,76561198026214582,【﻿ＰＫ】,2,3607,Connan,77,94,76561197996437459,m4a1,5,player_hurt,c3ddd683
23,76561198026214582,【﻿ＰＫ】,2,3613,Connan,54,88,76561197996437459,m4a1,5,player_hurt,c3ddd683
26,76561198397576589,Luiz,5,3617,AVARA KÉRABA,74,96,76561198100001022,ak47,3,player_hurt,c3ddd683
26,76561198397576589,Luiz,5,3623,AVARA KÉRABA,48,92,76561198100001022,ak47,3,player_hurt,c3ddd683
26,76561198397576589,Luiz,2,3629,AVARA KÉRABA,22,88,76561198100001022,ak47,3,player_hurt,c3ddd683
26,76561198100001022,AVARA KÉRABA,2,3631,Luiz,74,96,76561198397576589,ak47,3,player_hurt,c3ddd683
26,76561198100001022,AVARA KÉRABA,2,3639,Luiz,48,92,76561198397576589,ak47,3,player_hurt,c3ddd683
118,76561198026214582,【﻿ＰＫ】,1,3643,Connan,0,88,76561197996437459,m4a1,0,player_hurt,c3ddd683
26,76561198100001022,AVARA KÉRABA,2,3645,Luiz,22,88,76561198397576589,ak47,3,player_hurt,c3ddd683
26,76561198100001022,AVARA KÉRABA,2,3651,Luiz,0,84,76561198397576589,ak47,3,player_hurt,c3ddd683
133,76561198340888446,rodrigaoobrabo,1,7871,MonsTro,0,100,76561198421514418,hkp2000,0,player_hurt,c3ddd683
143,76561198421514418,AVARA KÉRABA,1,8059,rodrigaoobrabo,0,100,76561198397576589,p250,0,player_hurt,c3ddd683
14,76561198397576589,Talevor,2,8873,AVARA KÉRABA,86,92,76561198124241179,hkp2000,7,player_hurt,c3ddd683
31,76561198124241179,AVARA KÉRABA,2,8875,Talevor,69,0,76561198397576589,p250,0,player_hurt,c3ddd683
31,76561198124241179,AVARA KÉRABA,2,8887,Talevor,38,0,76561198397576589,p250,0,player_hurt,c3ddd683
35,76561197996437459,AVARA KÉRABA,5,9069,【﻿ＰＫ】,65,0,76561198397576589,p250,0,player_hurt,c3ddd683
130,76561198397576589,【﻿ＰＫ】,1,9075,AVARA KÉRABA,0,92,76561197996437459,hkp2000,0,player_hurt,c3ddd683
92,76561198000238678,Siraissi,1,10079,Erick,8,100,76561198178993731,glock,0,player_hurt,c3ddd683
10,76561198000238678,Siraissi,2,10089,Erick,0,93,76561198178993731,glock,6,player_hurt,c3ddd683
17,76561197996437459,None,0,10175,【﻿ＰＫ】,48,0,0,,0,player_hurt,c3ddd683
31,76561198051880621,Talevor,2,10377,Cujura,69,0,76561198124241179,hkp2000,0,player_hurt,c3ddd683
31,76561198051880621,Talevor,2,10389,Cujura,38,0,76561198124241179,hkp2000,0,player_hurt,c3ddd683
39,76561198051880621,Talevor,3,10401,Cujura,0,0,76561198124241179,hkp2000,0,player_hurt,c3ddd683
35,76561198124241179,Connan,2,10479,Talevor,3,0,76561198026214582,p250,0,player_hurt,c3ddd683
143,76561198124241179,Connan,1,10489,Talevor,0,0,76561198026214582,p250,0,player_hurt,c3ddd683
118,76561198026214582,【﻿ＰＫ】,1,10555,Connan,0,0,76561197996437459,hkp2000,0,player_hurt,c3ddd683
11,76561198100001022,Siraissi,2,10997,Luiz,89,93,76561198178993731,glock,6,player_hurt,c3ddd683
15,76561198178993731,Luiz,2,10999,Siraissi,85,92,76561198100001022,hkp2000,7,player_hurt,c3ddd683
11,76561198100001022,Siraissi,2,11007,Luiz,78,86,76561198178993731,glock,6,player_hurt,c3ddd683
14,76561198100001022,Siraissi,3,11019,Luiz,64,77,76561198178993731,glock,8,player_hurt,c3ddd683
123,76561198178993731,Luiz,1,11027,Siraissi,0,92,76561198100001022,hkp2000,0,player_hurt,c3ddd683
495,76561197996437459,None,0,11795,【﻿ＰＫ】,0,0,0,,0,player_hurt,c3ddd683
19,76561198100001022,None,0,11795,Luiz,45,67,0,,9,player_hurt,c3ddd683
1,76561198100001022,Cujura,0,16169,Luiz,99,99,76561198051880621,hegrenade,0,player_hurt,c3ddd683
8,76561198178993731,Luiz,0,16297,Siraissi,92,97,76561198100001022,hegrenade,2,player_hurt,c3ddd683
3,76561198026214582,Luiz,0,16297,Connan,97,0,76561198100001022,hegrenade,0,player_hurt,c3ddd683
9,76561197996437459,MonsTro,5,17087,【﻿ＰＫ】,91,96,76561198340888446,mac10,3,player_hurt,c3ddd683
9,76561197996437459,MonsTro,2,17093,【﻿ＰＫ】,82,92,76561198340888446,mac10,3,player_hurt,c3ddd683
11,76561197996437459,MonsTro,3,17099,【﻿ＰＫ】,71,87,76561198340888446,mac10,4,player_hurt,c3ddd683
11,76561197996437459,MonsTro,3,17103,【﻿ＰＫ】,60,82,76561198340888446,mac10,4,player_hurt,c3ddd683
37,76561197996437459,MonsTro,1,17127,【﻿ＰＫ】,23,68,76561198340888446,mac10,13,player_hurt,c3ddd683
9,76561197996437459,MonsTro,5,17141,【﻿ＰＫ】,14,64,76561198340888446,mac10,3,player_hurt,c3ddd683
9,76561197996437459,MonsTro,2,17147,【﻿ＰＫ】,5,60,76561198340888446,mac10,3,player_hurt,c3ddd683
20,76561198421514418,Cujura,6,18833,rodrigaoobrabo,80,100,76561198051880621,mac10,0,player_hurt,c3ddd683
15,76561198051880621,rodrigaoobrabo,2,18843,Cujura,85,94,76561198421514418,mp9,5,player_hurt,c3ddd683
14,76561198051880621,rodrigaoobrabo,2,18847,Cujura,71,89,76561198421514418,mp9,4,player_hurt,c3ddd683
14,76561198051880621,rodrigaoobrabo,5,18851,Cujura,57,84,76561198421514418,mp9,4,player_hurt,c3ddd683
14,76561198051880621,rodrigaoobrabo,2,18857,Cujura,43,79,76561198421514418,mp9,4,player_hurt,c3ddd683
62,76561198421514418,Cujura,1,18857,rodrigaoobrabo,18,76,76561198051880621,mac10,23,player_hurt,c3ddd683
14,76561198051880621,rodrigaoobrabo,2,18861,Cujura,29,74,76561198421514418,mp9,4,player_hurt,c3ddd683
14,76561198051880621,rodrigaoobrabo,2,18865,Cujura,15,69,76561198421514418,mp9,4,player_hurt,c3ddd683
14,76561198051880621,rodrigaoobrabo,5,18869,Cujura,1,64,76561198421514418,mp9,4,player_hurt,c3ddd683
14,76561198051880621,rodrigaoobrabo,5,18879,Cujura,0,59,76561198421514418,mp9,4,player_hurt,c3ddd683
28,76561198000238678,AVARA KÉRABA,2,18999,Erick,72,0,76561198397576589,galilar,0,player_hurt,c3ddd683
88,76561198397576589,Erick,3,19009,AVARA KÉRABA,12,92,76561198000238678,ssg08,7,player_hurt,c3ddd683
1,76561198000238678,Siraissi,0,19223,Erick,71,0,76561198178993731,inferno,0,player_hurt,c3ddd683
2,76561198000238678,Siraissi,0,19237,Erick,69,0,76561198178993731,inferno,0,player_hurt,c3ddd683
3,76561198000238678,Siraissi,0,19249,Erick,66,0,76561198178993731,inferno,0,player_hurt,c3ddd683
4,76561198000238678,Siraissi,0,19263,Erick,62,0,76561198178993731,inferno,0,player_hurt,c3ddd683
4,76561198000238678,Siraissi,0,19275,Erick,58,0,76561198178993731,inferno,0,player_hurt,c3ddd683
5,76561198000238678,Siraissi,0,19287,Erick,53,0,76561198178993731,inferno,0,player_hurt,c3ddd683
6,76561198000238678,Siraissi,0,19301,Erick,47,0,76561198178993731,inferno,0,player_hurt,c3ddd683
62,76561198421514418,MonsTro,1,19419,rodrigaoobrabo,0,53,76561198340888446,mac10,22,player_hurt,c3ddd683
19,76561198000238678,Connan,2,20363,Erick,28,0,76561198026214582,mac10,0,player_hurt,c3ddd683
75,76561198000238678,Connan,1,20373,Erick,0,0,76561198026214582,mac10,0,player_hurt,c3ddd683
11,76561198100001022,AVARA KÉRABA,7,20521,Luiz,88,99,76561198397576589,galilar,0,player_hurt,c3ddd683
42,76561198100001022,Siraissi,1,20607,Luiz,46,92,76561198178993731,ak47,6,player_hurt,c3ddd683
11,76561198100001022,Siraissi,2,20627,Luiz,35,90,76561198178993731,ak47,1,player_hurt,c3ddd683
150,76561198178993731,Luiz,1,20629,Siraissi,0,91,76561198100001022,deagle,5,player_hurt,c3ddd683
11,76561198026214582,MonsTro,3,21451,Connan,86,0,76561198340888446,mac10,0,player_hurt,c3ddd683
13,76561198340888446,Talevor,5,21523,MonsTro,87,95,76561198124241179,mp9,4,player_hurt,c3ddd683
22,76561198124241179,MonsTro,2,21539,Talevor,78,0,76561198340888446,mac10,0,player_hurt,c3ddd683
22,76561198124241179,MonsTro,2,21545,Talevor,56,0,76561198340888446,mac10,0,player_hurt,c3ddd683
28,76561198124241179,MonsTro,3,21565,Talevor,28,0,76561198340888446,mac10,0,player_hurt,c3ddd683
13,76561198340888446,【﻿ＰＫ】,2,21675,MonsTro,74,89,76561197996437459,mac10,5,player_hurt,c3ddd683
17,76561198340888446,【﻿ＰＫ】,3,21681,MonsTro,57,82,76561197996437459,mac10,6,player_hurt,c3ddd683
17,76561198340888446,【﻿ＰＫ】,3,21687,MonsTro,40,75,76561197996437459,mac10,6,player_hurt,c3ddd683
13,76561198340888446,【﻿ＰＫ】,5,21691,MonsTro,27,69,76561197996437459,mac10,5,player_hurt,c3ddd683
17,76561198340888446,【﻿ＰＫ】,3,21705,MonsTro,10,62,76561197996437459,mac10,6,player_hurt,c3ddd683
18,76561198340888446,【﻿ＰＫ】,7,21711,MonsTro,0,62,76561197996437459,mac10,0,player_hurt,c3ddd683
14,76561197996437459,Connan,2,22153,【﻿ＰＫ】,0,54,76561198026214582,mac10,5,player_hurt,c3ddd683
49,76561198026214582,Luiz,5,22223,Connan,37,0,76561198100001022,deagle,0,player_hurt,c3ddd683
15,76561198100001022,Connan,2,22229,Luiz,20,84,76561198026214582,mac10,5,player_hurt,c3ddd683
49,76561198026214582,Luiz,2,22243,Connan,0,0,76561198100001022,deagle,0,player_hurt,c3ddd683
35,76561198124241179,AVARA KÉRABA,2,22275,Talevor,0,0,76561198397576589,ak47,0,player_hurt,c3ddd683
27,76561198100001022,AVARA KÉRABA,2,22341,Luiz,0,80,76561198397576589,ak47,3,player_hurt,c3ddd683
52,76561198397576589,Luiz,0,24884,AVARA KÉRABA,48,74,76561198100001022,hegrenade,17,player_hurt,c3ddd683
43,76561198026214582,Luiz,0,24884,Connan,57,85,76561198100001022,hegrenade,14,player_hurt,c3ddd683
14,76561198340888446,Talevor,2,25082,MonsTro,86,92,76561198124241179,hkp2000,7,player_hurt,c3ddd683
14,76561198340888446,Talevor,2,25124,MonsTro,72,84,76561198124241179,hkp2000,7,player_hurt,c3ddd683
14,76561198340888446,Talevor,2,25158,MonsTro,58,76,76561198124241179,hkp2000,7,player_hurt,c3ddd683
14,76561198340888446,Talevor,2,25196,MonsTro,44,68,76561198124241179,hkp2000,7,player_hurt,c3ddd683
137,76561198124241179,MonsTro,1,25226,Talevor,0,0,76561198340888446,ak47,0,player_hurt,c3ddd683
19,76561198340888446,Erick,3,25232,MonsTro,25,58,76561198000238678,hkp2000,9,player_hurt,c3ddd683
34,76561198000238678,Cujura,2,25240,Erick,66,0,76561198051880621,ak47,0,player_hurt,c3ddd683
42,76561198000238678,Cujura,3,25248,Erick,24,0,76561198051880621,ak47,0,player_hurt,c3ddd683
34,76561198000238678,Cujura,4,25254,Erick,0,0,76561198051880621,ak47,0,player_hurt,c3ddd683
14,76561198340888446,rodrigaoobrabo,2,25268,MonsTro,11,50,76561198421514418,hkp2000,7,player_hurt,c3ddd683
36,76561198340888446,AVARA KÉRABA,1,25274,MonsTro,0,44,76561198397576589,ak47,5,player_hurt,c3ddd683
13,76561198397576589,【﻿ＰＫ】,5,25338,AVARA KÉRABA,35,67,76561197996437459,hkp2000,6,player_hurt,c3ddd683
42,76561197996437459,AVARA KÉRABA,3,25366,【﻿ＰＫ】,58,0,76561198397576589,ak47,0,player_hurt,c3ddd683
34,76561197996437459,AVARA KÉRABA,5,25378,【﻿ＰＫ】,24,0,76561198397576589,ak47,0,player_hurt,c3ddd683
16,76561198026214582,rodrigaoobrabo,3,25404,Connan,41,77,76561198421514418,hkp2000,7,player_hurt,c3ddd683
33,76561198421514418,Connan,2,25412,rodrigaoobrabo,67,0,76561198026214582,ak47,0,player_hurt,c3ddd683
25,76561198421514418,AVARA KÉRABA,7,25584,rodrigaoobrabo,42,0,76561198397576589,ak47,0,player_hurt,c3ddd683
42,76561198421514418,AVARA KÉRABA,3,25596,rodrigaoobrabo,0,0,76561198397576589,ak47,0,player_hurt,c3ddd683
45,76561198051880621,Luiz,2,25662,Cujura,55,98,76561198100001022,deagle,1,player_hurt,c3ddd683
33,76561198051880621,Luiz,3,25682,Cujura,22,96,76561198100001022,deagle,1,player_hurt,c3ddd683
44,76561198051880621,Luiz,2,25746,Cujura,0,94,76561198100001022,deagle,1,player_hurt,c3ddd683
34,76561198100001022,Connan,5,25834,Luiz,66,0,76561198026214582,ak47,0,player_hurt,c3ddd683
36,76561198026214582,Luiz,5,25838,Connan,5,75,76561198100001022,deagle,1,player_hurt,c3ddd683
143,76561198026214582,Luiz,1,25942,Connan,0,69,76561198100001022,deagle,5,player_hurt,c3ddd683
29,76561198100001022,Siraissi,4,26014,Luiz,37,0,76561198178993731,galilar,0,player_hurt,c3ddd683
29,76561198100001022,Siraissi,2,26018,Luiz,8,0,76561198178993731,galilar,0,player_hurt,c3ddd683
29,76561198100001022,Siraissi,2,26026,Luiz,0,0,76561198178993731,galilar,0,player_hurt,c3ddd683
14,76561198397576589,【﻿ＰＫ】,2,26032,AVARA KÉRABA,21,60,76561197996437459,hkp2000,6,player_hurt,c3ddd683
34,76561197996437459,AVARA KÉRABA,2,27882,【﻿ＰＫ】,0,0,76561198397576589,ak47,0,player_hurt,c3ddd683
6,76561198421514418,Siraissi,0,30305,rodrigaoobrabo,94,97,76561198178993731,hegrenade,2,player_hurt,c3ddd683
1,76561198100001022,Siraissi,0,30305,Luiz,99,99,76561198178993731,hegrenade,0,player_hurt,c3ddd683
17,76561198421514418,AVARA KÉRABA,0,30349,rodrigaoobrabo,77,91,76561198397576589,hegrenade,5,player_hurt,c3ddd683
39,76561198397576589,rodrigaoobrabo,2,32751,AVARA KÉRABA,61,59,76561198421514418,awp,0,player_hurt,c3ddd683
29,76561198178993731,Erick,3,33495,Siraissi,71,93,76561198000238678,m4a1,6,player_hurt,c3ddd683
3,76561198421514418,Siraissi,0,33603,rodrigaoobrabo,74,91,76561198178993731,inferno,0,player_hurt,c3ddd683
25,76561198397576589,Erick,2,33785,AVARA KÉRABA,36,53,76561198000238678,m4a1,5,player_hurt,c3ddd683
34,76561198000238678,AVARA KÉRABA,3,33791,Erick,66,94,76561198397576589,ak47,5,player_hurt,c3ddd683
34,76561198000238678,AVARA KÉRABA,3,33803,Erick,32,88,76561198397576589,ak47,5,player_hurt,c3ddd683
25,76561198397576589,Erick,2,33811,AVARA KÉRABA,11,47,76561198000238678,m4a1,5,player_hurt,c3ddd683
25,76561198397576589,Erick,2,33817,AVARA KÉRABA,0,41,76561198000238678,m4a1,5,player_hurt,c3ddd683
27,76561198100001022,MonsTro,2,33835,Luiz,72,95,76561198340888446,ak47,3,player_hurt,c3ddd683
22,76561198340888446,Luiz,2,33837,MonsTro,78,95,76561198100001022,m4a1,4,player_hurt,c3ddd683
110,76561198340888446,rodrigaoobrabo,2,33847,MonsTro,0,93,76561198421514418,awp,1,player_hurt,c3ddd683
27,76561198100001022,Connan,5,33969,Luiz,45,91,76561198026214582,ak47,3,player_hurt,c3ddd683
27,76561198100001022,Connan,2,33975,Luiz,18,87,76561198026214582,ak47,3,player_hurt,c3ddd683
33,76561198100001022,Connan,3,33981,Luiz,0,82,76561198026214582,ak47,4,player_hurt,c3ddd683
27,76561198000238678,Siraissi,2,34075,Erick,5,84,76561198178993731,ak47,3,player_hurt,c3ddd683
27,76561198000238678,Siraissi,2,34081,Erick,0,80,76561198178993731,ak47,3,player_hurt,c3ddd683
107,76561198421514418,Siraissi,1,34243,rodrigaoobrabo,0,75,76561198178993731,ak47,15,player_hurt,c3ddd683
3,76561197996437459,Cujura,0,34889,【﻿ＰＫ】,97,98,76561198051880621,hegrenade,1,player_hurt,c3ddd683
22,76561198026214582,Talevor,2,35591,Connan,78,95,76561198124241179,m4a1,4,player_hurt,c3ddd683
22,76561198026214582,Talevor,2,35597,Connan,56,90,76561198124241179,m4a1,4,player_hurt,c3ddd683
27,76561198124241179,Connan,2,35597,Talevor,73,96,76561198026214582,ak47,3,player_hurt,c3ddd683
22,76561198026214582,Talevor,2,35603,Connan,34,85,76561198124241179,m4a1,4,player_hurt,c3ddd683
27,76561198124241179,Connan,2,35605,Talevor,46,92,76561198026214582,ak47,3,player_hurt,c3ddd683
27,76561198124241179,Connan,2,35611,Talevor,19,88,76561198026214582,ak47,3,player_hurt,c3ddd683
27,76561198124241179,Connan,2,35617,Talevor,0,84,76561198026214582,ak47,3,player_hurt,c3ddd683
34,76561197996437459,Connan,3,35725,【﻿ＰＫ】,63,93,76561198026214582,ak47,4,player_hurt,c3ddd683
90,76561198026214582,【﻿ＰＫ】,1,35729,Connan,0,65,76561197996437459,m4a1,19,player_hurt,c3ddd683
109,76561197996437459,Cujura,1,35741,【﻿ＰＫ】,0,77,76561198051880621,ak47,15,player_hurt,c3ddd683
23,76561198340888446,None,0,38042,MonsTro,77,100,0,,0,player_hurt,c3ddd683
49,76561198397576589,Luiz,0,38210,AVARA KÉRABA,51,83,76561198100001022,hegrenade,16,player_hurt,c3ddd683
3,76561198178993731,Luiz,0,38210,Siraissi,97,91,76561198100001022,hegrenade,1,player_hurt,c3ddd683
4,76561198026214582,Luiz,0,38210,Connan,96,98,76561198100001022,hegrenade,1,player_hurt,c3ddd683
14,76561198340888446,Erick,4,38658,MonsTro,63,95,76561198000238678,mp9,4,player_hurt,c3ddd683
27,76561198000238678,MonsTro,2,38688,Erick,73,96,76561198340888446,ak47,3,player_hurt,c3ddd683
57,76561198340888446,Erick,1,38698,MonsTro,6,75,76561198000238678,mp9,19,player_hurt,c3ddd683
27,76561198000238678,MonsTro,2,38700,Erick,46,92,76561198340888446,ak47,3,player_hurt,c3ddd683
14,76561198340888446,Erick,2,38708,MonsTro,0,70,76561198000238678,mp9,4,player_hurt,c3ddd683
23,76561198051880621,rodrigaoobrabo,2,39018,Cujura,77,95,76561198421514418,p250,3,player_hurt,c3ddd683
23,76561198051880621,rodrigaoobrabo,2,39024,Cujura,54,91,76561198421514418,p250,3,player_hurt,c3ddd683
23,76561198051880621,rodrigaoobrabo,2,39030,Cujura,31,87,76561198421514418,p250,3,player_hurt,c3ddd683
23,76561198051880621,rodrigaoobrabo,2,39038,Cujura,8,83,76561198421514418,p250,3,player_hurt,c3ddd683
29,76561198051880621,rodrigaoobrabo,3,39044,Cujura,0,78,76561198421514418,p250,4,player_hurt,c3ddd683
35,76561198421514418,Connan,5,39154,rodrigaoobrabo,65,0,76561198026214582,ak47,0,player_hurt,c3ddd683
35,76561198421514418,Connan,2,39160,rodrigaoobrabo,30,0,76561198026214582,ak47,0,player_hurt,c3ddd683
44,76561198421514418,Connan,3,39174,rodrigaoobrabo,0,0,76561198026214582,ak47,0,player_hurt,c3ddd683
21,76561198397576589,Talevor,2,41612,AVARA KÉRABA,30,76,76561198124241179,p250,6,player_hurt,c3ddd683
17,76561198124241179,AVARA KÉRABA,5,41614,Talevor,83,0,76561198397576589,ak47,0,player_hurt,c3ddd683
141,76561198124241179,AVARA KÉRABA,1,41620,Talevor,0,0,76561198397576589,ak47,0,player_hurt,c3ddd683
13,76561198397576589,Erick,5,42602,AVARA KÉRABA,17,71,76561198000238678,mp9,4,player_hurt,c3ddd683
27,76561198000238678,AVARA KÉRABA,2,42604,Erick,19,88,76561198397576589,ak47,3,player_hurt,c3ddd683
13,76561198397576589,Erick,2,42608,AVARA KÉRABA,4,66,76561198000238678,mp9,4,player_hurt,c3ddd683
27,76561198000238678,AVARA KÉRABA,2,42610,Erick,0,84,76561198397576589,ak47,3,player_hurt,c3ddd683
32,76561198026214582,【﻿ＰＫ】,3,42694,Connan,64,93,76561197996437459,ak47,4,player_hurt,c3ddd683
26,76561197996437459,Connan,2,42702,【﻿ＰＫ】,74,96,76561198026214582,ak47,3,player_hurt,c3ddd683
26,76561197996437459,Connan,5,42708,【﻿ＰＫ】,48,92,76561198026214582,ak47,3,player_hurt,c3ddd683
26,76561197996437459,Siraissi,4,43204,【﻿ＰＫ】,22,88,76561198178993731,ak47,3,player_hurt,c3ddd683
26,76561197996437459,Siraissi,2,43218,【﻿ＰＫ】,0,84,76561198178993731,ak47,3,player_hurt,c3ddd683
1,76561198026214582,Luiz,0,43748,Connan,63,92,76561198100001022,molotov,0,player_hurt,c3ddd683
1,76561198026214582,Luiz,0,43748,Connan,62,91,76561198100001022,molotov,0,player_hurt,c3ddd683
34,76561198026214582,Luiz,3,43876,Connan,28,86,76561198100001022,ak47,4,player_hurt,c3ddd683
27,76561198026214582,Luiz,2,43888,Connan,1,82,76561198100001022,ak47,3,player_hurt,c3ddd683
27,76561198026214582,Luiz,2,43896,Connan,0,78,76561198100001022,ak47,3,player_hurt,c3ddd683
27,76561198100001022,Siraissi,2,44338,Luiz,73,96,76561198178993731,ak47,3,player_hurt,c3ddd683
27,76561198100001022,Siraissi,2,44344,Luiz,46,92,76561198178993731,ak47,3,player_hurt,c3ddd683
27,76561198100001022,Siraissi,2,44350,Luiz,19,88,76561198178993731,ak47,3,player_hurt,c3ddd683
109,76561198178993731,Luiz,1,44358,Siraissi,0,75,76561198100001022,ak47,15,player_hurt,c3ddd683
27,76561198397576589,Luiz,2,44520,AVARA KÉRABA,0,62,76561198100001022,ak47,3,player_hurt,c3ddd683
1,76561198100001022,MonsTro,0,47656,Luiz,99,99,76561198340888446,hegrenade,0,player_hurt,c3ddd683
33,76561198178993731,Luiz,3,47774,Siraissi,67,95,76561198100001022,ak47,4,player_hurt,c3ddd683
33,76561198178993731,Luiz,3,47782,Siraissi,34,90,76561198100001022,ak47,4,player_hurt,c3ddd683
26,76561198178993731,Luiz,2,47788,Siraissi,8,86,76561198100001022,ak47,3,player_hurt,c3ddd683
33,76561198178993731,Luiz,3,47794,Siraissi,0,81,76561198100001022,ak47,4,player_hurt,c3ddd683
27,76561198100001022,Siraissi,0,47800,Luiz,72,89,76561198178993731,hegrenade,9,player_hurt,c3ddd683
1,76561198124241179,AVARA KÉRABA,0,53172,Talevor,99,100,76561198397576589,inferno,0,player_hurt,c3ddd683
2,76561198124241179,AVARA KÉRABA,0,53186,Talevor,97,100,76561198397576589,inferno,0,player_hurt,c3ddd683
3,76561198124241179,AVARA KÉRABA,0,53198,Talevor,94,100,76561198397576589,inferno,0,player_hurt,c3ddd683
4,76561198124241179,AVARA KÉRABA,0,53212,Talevor,90,100,76561198397576589,inferno,0,player_hurt,c3ddd683
4,76561198124241179,AVARA KÉRABA,0,53224,Talevor,86,100,76561198397576589,inferno,0,player_hurt,c3ddd683
5,76561198124241179,AVARA KÉRABA,0,53236,Talevor,81,100,76561198397576589,inferno,0,player_hurt,c3ddd683
21,76561198026214582,【﻿ＰＫ】,2,53254,Connan,79,95,76561197996437459,m4a1,4,player_hurt,c3ddd683
27,76561198026214582,【﻿ＰＫ】,3,53272,Connan,52,89,76561197996437459,m4a1,5,player_hurt,c3ddd683
9,76561198340888446,AVARA KÉRABA,2,53274,MonsTro,91,98,76561198397576589,ak47,1,player_hurt,c3ddd683
27,76561198026214582,【﻿ＰＫ】,3,53278,Connan,25,83,76561197996437459,m4a1,5,player_hurt,c3ddd683
27,76561198026214582,【﻿ＰＫ】,3,53296,Connan,0,77,76561197996437459,m4a1,5,player_hurt,c3ddd683
27,76561198340888446,Talevor,3,53308,MonsTro,64,92,76561198124241179,m4a1,5,player_hurt,c3ddd683
107,76561198340888446,Luiz,1,53308,MonsTro,0,76,76561198100001022,ak47,15,player_hurt,c3ddd683
33,76561198124241179,AVARA KÉRABA,3,53318,Talevor,48,95,76561198397576589,ak47,4,player_hurt,c3ddd683
26,76561198124241179,AVARA KÉRABA,6,53332,Talevor,22,95,76561198397576589,ak47,0,player_hurt,c3ddd683
87,76561198397576589,Talevor,1,53356,AVARA KÉRABA,13,81,76561198124241179,m4a1,18,player_hurt,c3ddd683
23,76561198397576589,Talevor,6,53362,AVARA KÉRABA,0,81,76561198124241179,m4a1,0,player_hurt,c3ddd683
18,76561198124241179,Cujura,3,53398,Talevor,4,92,76561198051880621,ak47,2,player_hurt,c3ddd683
16,76561198124241179,Cujura,3,53404,Talevor,0,89,76561198051880621,ak47,2,player_hurt,c3ddd683
27,76561198100001022,Cujura,5,53500,Luiz,45,85,76561198051880621,ak47,3,player_hurt,c3ddd683
34,76561198100001022,Cujura,3,53512,Luiz,11,80,76561198051880621,ak47,4,player_hurt,c3ddd683
87,76561198051880621,【﻿ＰＫ】,1,53516,Cujura,13,81,76561197996437459,m4a1,18,player_hurt,c3ddd683
27,76561198100001022,Cujura,2,53518,Luiz,0,76,76561198051880621,ak47,3,player_hurt,c3ddd683
87,76561198051880621,【﻿ＰＫ】,1,53528,Cujura,0,62,76561197996437459,m4a1,18,player_hurt,c3ddd683
18,76561198000238678,None,0,53686,Erick,82,100,0,,0,player_hurt,c3ddd683
49,76561198051880621,Luiz,1,56621,Cujura,51,0,76561198100001022,m4a1,0,player_hurt,c3ddd683
5,76561197996437459,None,0,57247,【﻿ＰＫ】,95,100,0,,0,player_hurt,c3ddd683
34,76561198026214582,Erick,5,57555,Connan,66,0,76561198000238678,m4a1,0,player_hurt,c3ddd683
43,76561198026214582,Erick,3,57561,Connan,23,0,76561198000238678,m4a1,0,player_hurt,c3ddd683
33,76561198178993731,Erick,2,57567,Siraissi,67,0,76561198000238678,m4a1,0,player_hurt,c3ddd683
34,76561198026214582,Erick,4,57573,Connan,0,0,76561198000238678,m4a1,0,player_hurt,c3ddd683
18,76561198000238678,Siraissi,5,57591,Erick,82,99,76561198178993731,tec9,0,player_hurt,c3ddd683
33,76561198178993731,Erick,2,57611,Siraissi,34,0,76561198000238678,m4a1,0,player_hurt,c3ddd683
140,76561198051880621,rodrigaoobrabo,3,57721,Cujura,0,0,76561198421514418,awp,0,player_hurt,c3ddd683
71,76561198397576589,rodrigaoobrabo,0,58501,AVARA KÉRABA,29,0,76561198421514418,hegrenade,0,player_hurt,c3ddd683
128,76561198397576589,Luiz,1,58623,AVARA KÉRABA,0,0,76561198100001022,m4a1,0,player_hurt,c3ddd683
12,76561198340888446,【﻿ＰＫ】,0,58767,MonsTro,88,0,76561197996437459,hegrenade,0,player_hurt,c3ddd683
118,76561198340888446,Erick,1,58853,MonsTro,0,0,76561198000238678,m4a1,0,player_hurt,c3ddd683
104,76561198100001022,Siraissi,1,59167,Luiz,0,94,76561198178993731,tec9,5,player_hurt,c3ddd683
34,76561198178993731,Erick,5,59243,Siraissi,0,0,76561198000238678,m4a1,0,player_hurt,c3ddd683
29,76561198051880621,Erick,0,64460,Cujura,71,90,76561198000238678,hegrenade,9,player_hurt,c3ddd683
1,76561198026214582,Erick,0,64460,Connan,99,99,76561198000238678,hegrenade,0,player_hurt,c3ddd683
26,76561198124241179,Cujura,2,66822,Talevor,74,96,76561198051880621,ak47,3,player_hurt,c3ddd683
29,76561198051880621,Erick,3,66826,Cujura,42,83,76561198000238678,m4a1,6,player_hurt,c3ddd683
26,76561198124241179,Cujura,2,66828,Talevor,48,92,76561198051880621,ak47,3,player_hurt,c3ddd683
107,76561198124241179,Cujura,1,66834,Talevor,0,76,76561198051880621,ak47,15,player_hurt,c3ddd683
33,76561198340888446,【﻿ＰＫ】,3,67166,MonsTro,67,95,76561197996437459,ak47,4,player_hurt,c3ddd683
26,76561197996437459,MonsTro,2,67200,【﻿ＰＫ】,74,96,76561198340888446,ak47,3,player_hurt,c3ddd683
33,76561197996437459,MonsTro,3,67206,【﻿ＰＫ】,41,91,76561198340888446,ak47,4,player_hurt,c3ddd683
26,76561197996437459,MonsTro,2,67214,【﻿ＰＫ】,15,87,76561198340888446,ak47,3,player_hurt,c3ddd683
31,76561198051880621,Erick,3,67224,Cujura,11,76,76561198000238678,m4a1,6,player_hurt,c3ddd683
106,76561197996437459,MonsTro,1,67226,【﻿ＰＫ】,0,71,76561198340888446,ak47,15,player_hurt,c3ddd683
31,76561198051880621,Erick,3,67232,Cujura,0,69,76561198000238678,m4a1,6,player_hurt,c3ddd683
26,76561198340888446,Erick,7,67458,MonsTro,41,95,76561198000238678,m4a1,0,player_hurt,c3ddd683
30,76561198340888446,Erick,3,67466,MonsTro,11,88,76561198000238678,m4a1,6,player_hurt,c3ddd683
27,76561198000238678,MonsTro,5,67470,Erick,73,95,76561198340888446,ak47,3,player_hurt,c3ddd683
30,76561198340888446,Erick,3,67478,MonsTro,0,81,76561198000238678,m4a1,6,player_hurt,c3ddd683
27,76561198000238678,AVARA KÉRABA,5,67502,Erick,46,91,76561198397576589,ak47,3,player_hurt,c3ddd683
27,76561198000238678,AVARA KÉRABA,2,67508,Erick,19,87,76561198397576589,ak47,3,player_hurt,c3ddd683
24,76561198397576589,Erick,2,67516,AVARA KÉRABA,76,94,76561198000238678,m4a1,5,player_hurt,c3ddd683
34,76561198000238678,AVARA KÉRABA,3,67520,Erick,0,82,76561198397576589,ak47,4,player_hurt,c3ddd683
88,76561198026214582,rodrigaoobrabo,5,67902,Connan,11,97,76561198421514418,awp,1,player_hurt,c3ddd683
23,76561198026214582,rodrigaoobrabo,2,68938,Connan,0,90,76561198421514418,p250,6,player_hurt,c3ddd683
26,76561198397576589,rodrigaoobrabo,3,69050,AVARA KÉRABA,50,86,76561198421514418,p250,7,player_hurt,c3ddd683
27,76561198421514418,AVARA KÉRABA,2,69054,rodrigaoobrabo,73,96,76561198397576589,ak47,3,player_hurt,c3ddd683
34,76561198421514418,AVARA KÉRABA,3,69068,rodrigaoobrabo,39,91,76561198397576589,ak47,4,player_hurt,c3ddd683
34,76561198421514418,AVARA KÉRABA,3,69072,rodrigaoobrabo,5,86,76561198397576589,ak47,4,player_hurt,c3ddd683
86,76561198397576589,rodrigaoobrabo,1,69078,AVARA KÉRABA,0,61,76561198421514418,p250,24,player_hurt,c3ddd683
27,76561198178993731,Luiz,3,69484,Siraissi,73,94,76561198100001022,m4a1,5,player_hurt,c3ddd683
22,76561198178993731,Luiz,2,69490,Siraissi,51,89,76561198100001022,m4a1,4,player_hurt,c3ddd683
108,76561198100001022,Siraissi,1,69492,Luiz,0,84,76561198178993731,ak47,15,player_hurt,c3ddd683
27,76561198421514418,Siraissi,2,69624,rodrigaoobrabo,0,82,76561198178993731,ak47,3,player_hurt,c3ddd683
5,76561198100001022,Siraissi,0,72167,Luiz,95,97,76561198178993731,hegrenade,1,player_hurt,c3ddd683
2,76561198051880621,Luiz,0,72227,Cujura,98,99,76561198100001022,hegrenade,0,player_hurt,c3ddd683
59,76561198421514418,Cujura,1,73075,rodrigaoobrabo,41,78,76561198051880621,mac10,21,player_hurt,c3ddd683
14,76561198421514418,Cujura,2,73085,rodrigaoobrabo,27,72,76561198051880621,mac10,5,player_hurt,c3ddd683
15,76561198421514418,Cujura,2,73091,rodrigaoobrabo,12,66,76561198051880621,mac10,5,player_hurt,c3ddd683
15,76561198421514418,Cujura,2,73095,rodrigaoobrabo,0,60,76561198051880621,mac10,5,player_hurt,c3ddd683
21,76561198051880621,Luiz,2,73143,Cujura,77,94,76561198100001022,m4a1,4,player_hurt,c3ddd683
21,76561198051880621,Luiz,2,73149,Cujura,56,89,76561198100001022,m4a1,4,player_hurt,c3ddd683
21,76561198051880621,Luiz,2,73155,Cujura,35,84,76561198100001022,m4a1,4,player_hurt,c3ddd683
87,76561198051880621,Luiz,1,73161,Cujura,0,65,76561198100001022,m4a1,18,player_hurt,c3ddd683
12,76561198340888446,Luiz,3,73471,MonsTro,88,97,76561198100001022,m4a1,2,player_hurt,c3ddd683
9,76561198340888446,Luiz,2,73477,MonsTro,79,94,76561198100001022,m4a1,2,player_hurt,c3ddd683
113,76561198100001022,MonsTro,1,73521,Luiz,0,97,76561198340888446,galilar,0,player_hurt,c3ddd683
24,76561198397576589,Erick,5,74175,AVARA KÉRABA,76,94,76561198000238678,m4a1,5,player_hurt,c3ddd683
15,76561198397576589,Erick,3,74189,AVARA KÉRABA,61,90,76561198000238678,m4a1,3,player_hurt,c3ddd683
28,76561198000238678,AVARA KÉRABA,3,74209,Erick,72,95,76561198397576589,galilar,4,player_hurt,c3ddd683
21,76561198000238678,AVARA KÉRABA,6,74215,Erick,51,95,76561198397576589,galilar,0,player_hurt,c3ddd683
21,76561198000238678,AVARA KÉRABA,7,74221,Erick,30,95,76561198397576589,galilar,0,player_hurt,c3ddd683
30,76561198397576589,Erick,3,74223,AVARA KÉRABA,31,83,76561198000238678,m4a1,6,player_hurt,c3ddd683
11,76561197996437459,AVARA KÉRABA,7,74225,【﻿ＰＫ】,89,100,76561198397576589,galilar,0,player_hurt,c3ddd683
24,76561198397576589,Erick,2,74231,AVARA KÉRABA,7,77,76561198000238678,m4a1,5,player_hurt,c3ddd683
24,76561198397576589,Erick,2,74237,AVARA KÉRABA,0,71,76561198000238678,m4a1,5,player_hurt,c3ddd683
27,76561198000238678,Connan,2,74349,Erick,3,91,76561198026214582,ak47,3,player_hurt,c3ddd683
84,76561198178993731,Erick,1,74353,Siraissi,16,81,76561198000238678,m4a1,18,player_hurt,c3ddd683
34,76561198000238678,Connan,3,74355,Erick,0,86,76561198026214582,ak47,4,player_hurt,c3ddd683
26,76561198026214582,【﻿ＰＫ】,0,74555,Connan,74,91,76561197996437459,hegrenade,8,player_hurt,c3ddd683
22,76561198178993731,【﻿ＰＫ】,4,74681,Siraissi,0,75,76561197996437459,m4a1,4,player_hurt,c3ddd683
27,76561198340888446,【﻿ＰＫ】,3,74739,MonsTro,52,88,76561197996437459,m4a1,5,player_hurt,c3ddd683
443,76561197996437459,MonsTro,1,74745,【﻿ＰＫ】,0,94,76561198340888446,awp,5,player_hurt,c3ddd683
138,76561198124241179,MonsTro,3,75079,Talevor,0,98,76561198340888446,awp,1,player_hurt,c3ddd683
35,76561198100001022,AVARA KÉRABA,2,78031,Luiz,65,0,76561198397576589,ak47,0,player_hurt,c3ddd683
35,76561198100001022,AVARA KÉRABA,2,78045,Luiz,30,0,76561198397576589,ak47,0,player_hurt,c3ddd683
35,76561198100001022,AVARA KÉRABA,2,78051,Luiz,0,0,76561198397576589,ak47,0,player_hurt,c3ddd683
4,76561198421514418,Cujura,0,79341,rodrigaoobrabo,96,0,76561198051880621,inferno,0,player_hurt,c3ddd683
5,76561198421514418,Cujura,0,79355,rodrigaoobrabo,91,0,76561198051880621,inferno,0,player_hurt,c3ddd683
6,76561198421514418,Cujura,0,79367,rodrigaoobrabo,85,0,76561198051880621,inferno,0,player_hurt,c3ddd683
7,76561198421514418,Cujura,0,79381,rodrigaoobrabo,78,0,76561198051880621,inferno,0,player_hurt,c3ddd683
24,76561198178993731,Erick,2,79415,Siraissi,76,98,76561198000238678,fiveseven,1,player_hurt,c3ddd683
141,76561198000238678,Siraissi,1,79421,Erick,0,0,76561198178993731,ak47,0,player_hurt,c3ddd683
35,76561198421514418,AVARA KÉRABA,2,80265,rodrigaoobrabo,43,0,76561198397576589,ak47,0,player_hurt,c3ddd683
22,76561198421514418,AVARA KÉRABA,1,80291,rodrigaoobrabo,21,0,76561198397576589,ak47,0,player_hurt,c3ddd683
141,76561198421514418,AVARA KÉRABA,1,80351,rodrigaoobrabo,0,0,76561198397576589,ak47,0,player_hurt,c3ddd683
83,76561198026214582,Talevor,1,80839,Connan,17,67,76561198124241179,p250,23,player_hurt,c3ddd683
21,76561198051880621,Talevor,2,80975,Cujura,79,93,76561198124241179,p250,6,player_hurt,c3ddd683
21,76561198051880621,Talevor,2,81015,Cujura,58,86,76561198124241179,p250,6,player_hurt,c3ddd683
8,76561198051880621,Talevor,1,81029,Cujura,50,83,76561198124241179,p250,2,player_hurt,c3ddd683
140,76561198124241179,Cujura,1,81037,Talevor,0,0,76561198051880621,ak47,0,player_hurt,c3ddd683
113,76561197996437459,MonsTro,2,82055,【﻿ＰＫ】,0,0,76561198340888446,awp,0,player_hurt,c3ddd683
27,76561198421514418,AVARA KÉRABA,0,84462,rodrigaoobrabo,73,90,76561198397576589,hegrenade,9,player_hurt,c3ddd683
12,76561198100001022,AVARA KÉRABA,0,84462,Luiz,88,95,76561198397576589,hegrenade,4,player_hurt,c3ddd683
19,76561198421514418,Siraissi,0,84500,rodrigaoobrabo,54,83,76561198178993731,hegrenade,6,player_hurt,c3ddd683
2,76561198178993731,Luiz,0,84664,Siraissi,98,97,76561198100001022,hegrenade,0,player_hurt,c3ddd683
12,76561198000238678,Cujura,0,85820,Erick,88,95,76561198051880621,hegrenade,4,player_hurt,c3ddd683
9,76561198397576589,Connan,5,85852,AVARA KÉRABA,91,98,76561198026214582,ak47,1,player_hurt,c3ddd683
31,76561198051880621,Erick,3,86180,Cujura,69,76,76561198000238678,m4a1,6,player_hurt,c3ddd683
31,76561198051880621,Erick,3,86186,Cujura,38,69,76561198000238678,m4a1,6,player_hurt,c3ddd683
25,76561198051880621,Erick,2,86192,Cujura,13,63,76561198000238678,m4a1,5,player_hurt,c3ddd683
25,76561198051880621,Erick,2,86198,Cujura,0,57,76561198000238678,m4a1,5,player_hurt,c3ddd683
6,76561198178993731,rodrigaoobrabo,0,86388,Siraissi,92,94,76561198421514418,hegrenade,2,player_hurt,c3ddd683
18,76561198397576589,Erick,0,90074,AVARA KÉRABA,73,91,76561198000238678,hegrenade,6,player_hurt,c3ddd683
9,76561198178993731,Erick,0,90074,Siraissi,83,90,76561198000238678,hegrenade,3,player_hurt,c3ddd683
27,76561198000238678,AVARA KÉRABA,2,90114,Erick,61,91,76561198397576589,ak47,3,player_hurt,c3ddd683
27,76561198000238678,AVARA KÉRABA,4,90118,Erick,34,87,76561198397576589,ak47,3,player_hurt,c3ddd683
26,76561198000238678,Connan,2,90120,Erick,8,83,76561198026214582,ak47,3,player_hurt,c3ddd683
33,76561198000238678,AVARA KÉRABA,3,90126,Erick,0,78,76561198397576589,ak47,4,player_hurt,c3ddd683
3,76561198397576589,Siraissi,0,90458,AVARA KÉRABA,70,91,76561198178993731,inferno,0,player_hurt,c3ddd683
3,76561198397576589,Siraissi,0,90470,AVARA KÉRABA,67,91,76561198178993731,inferno,0,player_hurt,c3ddd683
3,76561198397576589,Siraissi,0,90484,AVARA KÉRABA,64,91,76561198178993731,inferno,0,player_hurt,c3ddd683
3,76561198397576589,Siraissi,0,90496,AVARA KÉRABA,61,91,76561198178993731,inferno,0,player_hurt,c3ddd683
110,76561198340888446,rodrigaoobrabo,2,90508,MonsTro,0,86,76561198421514418,awp,1,player_hurt,c3ddd683
3,76561198397576589,Siraissi,0,90510,AVARA KÉRABA,58,91,76561198178993731,inferno,0,player_hurt,c3ddd683
3,76561198397576589,Siraissi,0,90522,AVARA KÉRABA,55,91,76561198178993731,inferno,0,player_hurt,c3ddd683
3,76561198397576589,Siraissi,0,90534,AVARA KÉRABA,52,91,76561198178993731,inferno,0,player_hurt,c3ddd683
3,76561198397576589,Siraissi,0,90548,AVARA KÉRABA,49,91,76561198178993731,inferno,0,player_hurt,c3ddd683
110,76561198421514418,Connan,1,90554,rodrigaoobrabo,0,66,76561198026214582,ak47,16,player_hurt,c3ddd683
3,76561198397576589,Siraissi,0,90560,AVARA KÉRABA,46,91,76561198178993731,inferno,0,player_hurt,c3ddd683
27,76561198178993731,Talevor,3,90782,Siraissi,56,84,76561198124241179,m4a1,5,player_hurt,c3ddd683
21,76561198178993731,Talevor,2,90810,Siraissi,35,79,76561198124241179,m4a1,4,player_hurt,c3ddd683
26,76561198124241179,Siraissi,5,90812,Talevor,74,96,76561198178993731,ak47,3,player_hurt,c3ddd683
33,76561198124241179,Siraissi,3,90818,Talevor,41,91,76561198178993731,ak47,4,player_hurt,c3ddd683
21,76561198178993731,Talevor,2,90822,Siraissi,14,74,76561198124241179,m4a1,4,player_hurt,c3ddd683
138,76561198124241179,Siraissi,1,90844,Talevor,0,91,76561198178993731,ak47,0,player_hurt,c3ddd683
21,76561198178993731,Luiz,5,90862,Siraissi,0,69,76561198100001022,m4a1,4,player_hurt,c3ddd683
20,76561198100001022,Siraissi,0,93637,Luiz,80,87,76561198178993731,hegrenade,6,player_hurt,c3ddd683
36,76561198026214582,Luiz,0,93709,Connan,64,87,76561198100001022,hegrenade,12,player_hurt,c3ddd683
4,76561198178993731,Luiz,0,93709,Siraissi,96,98,76561198100001022,hegrenade,1,player_hurt,c3ddd683
1,76561198397576589,Luiz,0,93709,AVARA KÉRABA,99,99,76561198100001022,hegrenade,0,player_hurt,c3ddd683
17,76561198340888446,rodrigaoobrabo,3,94483,MonsTro,83,94,76561198421514418,mp9,5,player_hurt,c3ddd683
13,76561198340888446,rodrigaoobrabo,5,94497,MonsTro,70,89,76561198421514418,mp9,4,player_hurt,c3ddd683
13,76561198340888446,rodrigaoobrabo,2,94501,MonsTro,57,84,76561198421514418,mp9,4,player_hurt,c3ddd683
24,76561198124241179,Cujura,2,94511,Talevor,76,96,76561198051880621,ak47,3,player_hurt,c3ddd683
24,76561198124241179,Cujura,5,94517,Talevor,52,92,76561198051880621,ak47,3,player_hurt,c3ddd683
24,76561198124241179,Cujura,5,94523,Talevor,28,88,76561198051880621,ak47,3,player_hurt,c3ddd683
22,76561198051880621,Talevor,3,94525,Cujura,78,95,76561198124241179,famas,4,player_hurt,c3ddd683
24,76561198124241179,Cujura,2,94531,Talevor,4,84,76561198051880621,ak47,3,player_hurt,c3ddd683
17,76561198051880621,Talevor,2,94533,Cujura,61,91,76561198124241179,famas,3,player_hurt,c3ddd683
17,76561198051880621,Talevor,2,94537,Cujura,44,87,76561198124241179,famas,3,player_hurt,c3ddd683
56,76561198340888446,rodrigaoobrabo,1,94541,MonsTro,1,65,76561198421514418,mp9,18,player_hurt,c3ddd683
70,76561198051880621,Talevor,1,94543,Cujura,0,71,76561198124241179,famas,15,player_hurt,c3ddd683
17,76561198340888446,rodrigaoobrabo,3,94551,MonsTro,0,59,76561198421514418,mp9,5,player_hurt,c3ddd683
86,76561198178993731,Luiz,1,94915,Siraissi,10,79,76561198100001022,m4a1,18,player_hurt,c3ddd683
21,76561198178993731,Luiz,2,94935,Siraissi,0,74,76561198100001022,m4a1,4,player_hurt,c3ddd683
27,76561198026214582,rodrigaoobrabo,2,96203,Connan,37,82,76561198421514418,ak47,4,player_hurt,c3ddd683
110,76561198421514418,Connan,1,96205,rodrigaoobrabo,0,83,76561198026214582,ak47,16,player_hurt,c3ddd683
26,76561198100001022,Connan,2,96395,Luiz,54,83,76561198026214582,ak47,3,player_hurt,c3ddd683
21,76561198026214582,Luiz,2,96401,Connan,16,77,76561198100001022,m4a1,4,player_hurt,c3ddd683
26,76561198000238678,AVARA KÉRABA,6,98023,Erick,74,100,76561198397576589,ak47,0,player_hurt,c3ddd683
58,76561198397576589,Erick,1,98039,AVARA KÉRABA,41,79,76561198000238678,mp9,19,player_hurt,c3ddd683
27,76561198000238678,AVARA KÉRABA,2,98041,Erick,47,95,76561198397576589,ak47,4,player_hurt,c3ddd683
58,76561198397576589,Erick,1,98045,AVARA KÉRABA,0,59,76561198000238678,mp9,19,player_hurt,c3ddd683
106,76561198000238678,Connan,1,98157,Erick,0,79,76561198026214582,ak47,15,player_hurt,c3ddd683
24,76561198026214582,Talevor,3,100587,Connan,0,71,76561198124241179,famas,5,player_hurt,c3ddd683
15,76561198421514418,Siraissi,2,104000,rodrigaoobrabo,85,94,76561198178993731,mac10,5,player_hurt,c3ddd683
27,76561198178993731,rodrigaoobrabo,2,104004,Siraissi,73,95,76561198421514418,ak47,4,player_hurt,c3ddd683
15,76561198421514418,Siraissi,2,104006,rodrigaoobrabo,70,88,76561198178993731,mac10,5,player_hurt,c3ddd683
15,76561198421514418,Siraissi,2,104010,rodrigaoobrabo,55,82,76561198178993731,mac10,5,player_hurt,c3ddd683
34,76561198178993731,rodrigaoobrabo,3,104012,Siraissi,39,89,76561198421514418,ak47,5,player_hurt,c3ddd683
15,76561198421514418,Siraissi,4,104016,rodrigaoobrabo,40,76,76561198178993731,mac10,5,player_hurt,c3ddd683
15,76561198421514418,Siraissi,5,104020,rodrigaoobrabo,25,70,76561198178993731,mac10,5,player_hurt,c3ddd683
15,76561198421514418,Siraissi,2,104024,rodrigaoobrabo,10,64,76561198178993731,mac10,5,player_hurt,c3ddd683
15,76561198421514418,Siraissi,2,104030,rodrigaoobrabo,0,58,76561198178993731,mac10,5,player_hurt,c3ddd683
26,76561198124241179,AVARA KÉRABA,2,104384,Talevor,74,80,76561198397576589,ak47,3,player_hurt,c3ddd683
2,76561198178993731,Talevor,0,104512,Siraissi,37,89,76561198124241179,inferno,0,player_hurt,c3ddd683
3,76561198178993731,Talevor,0,104526,Siraissi,34,89,76561198124241179,inferno,0,player_hurt,c3ddd683
4,76561198178993731,Talevor,0,104538,Siraissi,30,89,76561198124241179,inferno,0,player_hurt,c3ddd683
4,76561198178993731,Talevor,0,104550,Siraissi,26,89,76561198124241179,inferno,0,player_hurt,c3ddd683
21,76561198397576589,Talevor,2,104578,AVARA KÉRABA,79,95,76561198124241179,m4a1,4,player_hurt,c3ddd683
26,76561198124241179,AVARA KÉRABA,5,104582,Talevor,48,76,76561198397576589,ak47,3,player_hurt,c3ddd683
1,76561198124241179,AVARA KÉRABA,3,104596,Talevor,47,75,76561198397576589,ak47,0,player_hurt,c3ddd683
4,76561198397576589,Erick,0,104634,AVARA KÉRABA,75,95,76561198000238678,inferno,0,player_hurt,c3ddd683
4,76561198397576589,Erick,0,104648,AVARA KÉRABA,71,95,76561198000238678,inferno,0,player_hurt,c3ddd683
5,76561198397576589,Erick,0,104660,AVARA KÉRABA,66,95,76561198000238678,inferno,0,player_hurt,c3ddd683
6,76561198397576589,Erick,0,104674,AVARA KÉRABA,60,95,76561198000238678,inferno,0,player_hurt,c3ddd683
7,76561198397576589,Erick,0,104686,AVARA KÉRABA,53,95,76561198000238678,inferno,0,player_hurt,c3ddd683
8,76561198397576589,Erick,0,104698,AVARA KÉRABA,45,95,76561198000238678,inferno,0,player_hurt,c3ddd683
21,76561198397576589,Talevor,5,104710,AVARA KÉRABA,24,90,76561198124241179,m4a1,4,player_hurt,c3ddd683
8,76561198397576589,Erick,0,104712,AVARA KÉRABA,16,90,76561198000238678,inferno,0,player_hurt,c3ddd683
21,76561198397576589,Talevor,2,104716,AVARA KÉRABA,0,85,76561198124241179,m4a1,4,player_hurt,c3ddd683
10,76561198124241179,【﻿ＰＫ】,3,105694,Talevor,37,72,76561197996437459,m4a1,2,player_hurt,c3ddd683
12,76561198124241179,Cujura,3,105694,Talevor,25,67,76561198051880621,mac10,4,player_hurt,c3ddd683
26,76561198124241179,Connan,2,105730,Talevor,0,63,76561198026214582,ak47,3,player_hurt,c3ddd683
322,76561198051880621,Luiz,1,105850,Cujura,0,95,76561198100001022,awp,4,player_hurt,c3ddd683
28,76561198026214582,【﻿ＰＫ】,3,106370,Connan,72,93,76561197996437459,m4a1,6,player_hurt,c3ddd683
26,76561197996437459,Connan,2,106380,【﻿ＰＫ】,74,96,76561198026214582,ak47,3,player_hurt,c3ddd683
15,76561198100001022,Connan,2,106380,Luiz,85,80,76561198026214582,ak47,2,player_hurt,c3ddd683
24,76561198026214582,【﻿ＰＫ】,7,106396,Connan,48,93,76561197996437459,m4a1,0,player_hurt,c3ddd683
28,76561198026214582,【﻿ＰＫ】,3,106404,Connan,20,86,76561197996437459,m4a1,6,player_hurt,c3ddd683
26,76561197996437459,Connan,2,106414,【﻿ＰＫ】,48,92,76561198026214582,ak47,3,player_hurt,c3ddd683
431,76561198026214582,Luiz,1,106420,Connan,0,80,76561198100001022,awp,5,player_hurt,c3ddd683
20,76561198178993731,Erick,4,106462,Siraissi,6,84,76561198000238678,famas,4,player_hurt,c3ddd683
20,76561198178993731,Erick,4,106468,Siraissi,0,79,76561198000238678,famas,4,player_hurt,c3ddd683
24,76561198100001022,MonsTro,2,106876,Luiz,61,78,76561198340888446,tec9,1,player_hurt,c3ddd683
24,76561198100001022,MonsTro,2,106886,Luiz,37,76,76561198340888446,tec9,1,player_hurt,c3ddd683
24,76561198100001022,MonsTro,2,106904,Luiz,13,74,76561198340888446,tec9,1,player_hurt,c3ddd683
139,76561198340888446,Luiz,3,106910,MonsTro,0,98,76561198100001022,awp,1,player_hurt,c3ddd683
1,76561198340888446,Connan,0,109413,MonsTro,99,0,76561198026214582,smokegrenade,0,player_hurt,c3ddd683
23,76561198026214582,Talevor,7,109539,Connan,77,0,76561198124241179,m4a1,0,player_hurt,c3ddd683
23,76561198124241179,AVARA KÉRABA,4,109563,Talevor,77,93,76561198397576589,p250,6,player_hurt,c3ddd683
23,76561198124241179,AVARA KÉRABA,5,109583,Talevor,54,86,76561198397576589,p250,6,player_hurt,c3ddd683
39,76561198397576589,【﻿ＰＫ】,3,109591,AVARA KÉRABA,61,0,76561197996437459,m4a1,0,player_hurt,c3ddd683
23,76561198397576589,【﻿ＰＫ】,6,109597,AVARA KÉRABA,38,0,76561197996437459,m4a1,0,player_hurt,c3ddd683
39,76561198397576589,【﻿ＰＫ】,3,109601,AVARA KÉRABA,0,0,76561197996437459,m4a1,0,player_hurt,c3ddd683
41,76561198178993731,MonsTro,1,109635,Siraissi,59,0,76561198340888446,tec9,0,player_hurt,c3ddd683
32,76561198340888446,Talevor,2,109643,MonsTro,67,0,76561198124241179,m4a1,0,player_hurt,c3ddd683
19,76561198124241179,Siraissi,3,109685,Talevor,35,78,76561198178993731,mac10,7,player_hurt,c3ddd683
26,76561198124241179,MonsTro,2,109687,Talevor,9,76,76561198340888446,tec9,1,player_hurt,c3ddd683
19,76561198124241179,Siraissi,3,109689,Talevor,0,68,76561198178993731,mac10,7,player_hurt,c3ddd683
3,76561198340888446,Erick,0,109731,MonsTro,64,0,76561198000238678,inferno,0,player_hurt,c3ddd683
4,76561198340888446,Erick,0,109743,MonsTro,60,0,76561198000238678,inferno,0,player_hurt,c3ddd683
19,76561197996437459,MonsTro,2,109755,【﻿ＰＫ】,81,90,76561198340888446,tec9,1,player_hurt,c3ddd683
11,76561197996437459,Connan,5,109765,【﻿ＰＫ】,70,85,76561198026214582,mac10,4,player_hurt,c3ddd683
31,76561198026214582,【﻿ＰＫ】,2,109769,Connan,46,0,76561197996437459,m4a1,0,player_hurt,c3ddd683
31,76561198026214582,【﻿ＰＫ】,2,109773,Connan,15,0,76561197996437459,m4a1,0,player_hurt,c3ddd683
39,76561198026214582,【﻿ＰＫ】,3,109779,Connan,0,0,76561197996437459,m4a1,0,player_hurt,c3ddd683
39,76561198340888446,【﻿ＰＫ】,3,109995,MonsTro,21,0,76561197996437459,m4a1,0,player_hurt,c3ddd683
49,76561197996437459,Cujura,1,109999,【﻿ＰＫ】,21,57,76561198051880621,glock,27,player_hurt,c3ddd683
31,76561198340888446,【﻿ＰＫ】,2,110001,MonsTro,0,0,76561197996437459,m4a1,0,player_hurt,c3ddd683
7,76561198051880621,【﻿ＰＫ】,0,110003,Cujura,93,0,76561197996437459,hegrenade,0,player_hurt,c3ddd683
32,76561198051880621,【﻿ＰＫ】,2,110007,Cujura,61,0,76561197996437459,m4a1,0,player_hurt,c3ddd683
12,76561197996437459,Cujura,5,110029,【﻿ＰＫ】,9,50,76561198051880621,glock,6,player_hurt,c3ddd683
12,76561197996437459,Cujura,2,110111,【﻿ＰＫ】,0,43,76561198051880621,glock,6,player_hurt,c3ddd683
110,76561198178993731,Luiz,5,110357,Siraissi,0,0,76561198100001022,awp,0,player_hurt,c3ddd683
24,76561198000238678,Cujura,7,111591,Erick,76,100,76561198051880621,m4a1,0,player_hurt,c3ddd683
22,76561198000238678,Cujura,2,111607,Erick,54,95,76561198051880621,m4a1,4,player_hurt,c3ddd683
28,76561198000238678,Cujura,3,111613,Erick,26,88,76561198051880621,m4a1,6,player_hurt,c3ddd683
22,76561198000238678,Cujura,2,111619,Erick,4,83,76561198051880621,m4a1,4,player_hurt,c3ddd683
22,76561198000238678,Cujura,4,111665,Erick,0,78,76561198051880621,m4a1,4,player_hurt,c3ddd683
180,76561198051880621,rodrigaoobrabo,0,111677,Cujura,0,0,76561198421514418,knife,0,player_hurt,c3ddd683
136,76561198051880621,Luiz,3,114597,Cujura,0,98,76561198100001022,awp,1,player_hurt,c3ddd683
24,76561198397576589,rodrigaoobrabo,4,115889,AVARA KÉRABA,76,94,76561198421514418,m4a1,5,player_hurt,c3ddd683
34,76561198100001022,AVARA KÉRABA,3,115905,Luiz,66,69,76561198397576589,ak47,4,player_hurt,c3ddd683
27,76561198100001022,AVARA KÉRABA,4,115919,Luiz,39,65,76561198397576589,ak47,3,player_hurt,c3ddd683
27,76561198100001022,AVARA KÉRABA,2,115925,Luiz,12,61,76561198397576589,ak47,3,player_hurt,c3ddd683
27,76561198100001022,AVARA KÉRABA,2,115931,Luiz,0,57,76561198397576589,ak47,3,player_hurt,c3ddd683
30,76561198397576589,rodrigaoobrabo,3,115945,AVARA KÉRABA,46,87,76561198421514418,m4a1,6,player_hurt,c3ddd683
16,76561198397576589,rodrigaoobrabo,3,115957,AVARA KÉRABA,30,83,76561198421514418,m4a1,3,player_hurt,c3ddd683
26,76561198397576589,rodrigaoobrabo,7,115977,AVARA KÉRABA,4,83,76561198421514418,m4a1,0,player_hurt,c3ddd683
11,76561198421514418,AVARA KÉRABA,2,115981,rodrigaoobrabo,89,98,76561198397576589,ak47,1,player_hurt,c3ddd683
34,76561198421514418,AVARA KÉRABA,3,116001,rodrigaoobrabo,55,93,76561198397576589,ak47,4,player_hurt,c3ddd683
16,76561198421514418,AVARA KÉRABA,3,116007,rodrigaoobrabo,39,90,76561198397576589,ak47,2,player_hurt,c3ddd683
26,76561198421514418,AVARA KÉRABA,6,116013,rodrigaoobrabo,13,90,76561198397576589,ak47,0,player_hurt,c3ddd683
15,76561198421514418,AVARA KÉRABA,3,116021,rodrigaoobrabo,0,87,76561198397576589,ak47,2,player_hurt,c3ddd683
135,76561198397576589,Erick,3,116249,AVARA KÉRABA,0,81,76561198000238678,awp,1,player_hurt,c3ddd683
33,76561198000238678,Connan,3,116713,Erick,67,95,76561198026214582,ak47,4,player_hurt,c3ddd683
27,76561198000238678,Connan,2,116721,Erick,40,91,76561198026214582,ak47,3,player_hurt,c3ddd683
27,76561198000238678,Connan,2,116727,Erick,13,87,76561198026214582,ak47,3,player_hurt,c3ddd683
18,76561198026214582,【﻿ＰＫ】,0,117057,Connan,82,93,76561197996437459,hegrenade,6,player_hurt,c3ddd683
27,76561198026214582,【﻿ＰＫ】,3,117515,Connan,55,87,76561197996437459,m4a1,5,player_hurt,c3ddd683
26,76561197996437459,Connan,6,117611,【﻿ＰＫ】,74,100,76561198026214582,ak47,0,player_hurt,c3ddd683
27,76561197996437459,MonsTro,2,117821,【﻿ＰＫ】,47,95,76561198340888446,ak47,4,player_hurt,c3ddd683
27,76561197996437459,MonsTro,2,117835,【﻿ＰＫ】,20,90,76561198340888446,ak47,4,player_hurt,c3ddd683
27,76561197996437459,MonsTro,2,117841,【﻿ＰＫ】,0,85,76561198340888446,ak47,4,player_hurt,c3ddd683
108,76561198124241179,MonsTro,1,118039,Talevor,0,84,76561198340888446,ak47,15,player_hurt,c3ddd683
8,76561198340888446,Talevor,0,118127,MonsTro,92,100,76561198124241179,inferno,0,player_hurt,c3ddd683
8,76561198340888446,Talevor,0,118139,MonsTro,84,100,76561198124241179,inferno,0,player_hurt,c3ddd683
8,76561198340888446,Talevor,0,118153,MonsTro,76,100,76561198124241179,inferno,0,player_hurt,c3ddd683
8,76561198340888446,Talevor,0,118165,MonsTro,68,100,76561198124241179,inferno,0,player_hurt,c3ddd683
106,76561198000238678,Connan,1,118169,Erick,0,71,76561198026214582,ak47,15,player_hurt,c3ddd683
129,76561198000238678,Siraissi,1,123283,Erick,0,100,76561198178993731,hkp2000,0,player_hurt,c3ddd683
16,76561198124241179,Cujura,1,123353,Talevor,84,0,76561198051880621,hkp2000,0,player_hurt,c3ddd683
31,76561198124241179,Cujura,2,123415,Talevor,53,0,76561198051880621,hkp2000,0,player_hurt,c3ddd683
26,76561198051880621,Talevor,3,123423,Cujura,74,92,76561198124241179,p250,7,player_hurt,c3ddd683
15,76561198051880621,rodrigaoobrabo,3,123561,Cujura,59,83,76561198421514418,glock,8,player_hurt,c3ddd683
12,76561198051880621,rodrigaoobrabo,5,123573,Cujura,47,75,76561198421514418,glock,7,player_hurt,c3ddd683
107,76561198051880621,rodrigaoobrabo,1,123583,Cujura,0,75,76561198421514418,glock,0,player_hurt,c3ddd683
83,76561198124241179,AVARA KÉRABA,0,123725,Talevor,0,0,76561198397576589,hegrenade,0,player_hurt,c3ddd683
73,76561197996437459,AVARA KÉRABA,0,123725,【﻿ＰＫ】,27,0,76561198397576589,hegrenade,0,player_hurt,c3ddd683
11,76561198178993731,Luiz,2,123759,Siraissi,89,93,76561198100001022,glock,6,player_hurt,c3ddd683
25,76561198026214582,rodrigaoobrabo,5,123823,Connan,75,0,76561198421514418,glock,0,player_hurt,c3ddd683
103,76561198421514418,Connan,1,123839,rodrigaoobrabo,0,99,76561198026214582,fiveseven,0,player_hurt,c3ddd683
27,76561198397576589,Luiz,2,123927,AVARA KÉRABA,73,0,76561198100001022,glock,0,player_hurt,c3ddd683
19,76561198100001022,AVARA KÉRABA,2,123957,Luiz,81,91,76561198397576589,elite,7,player_hurt,c3ddd683
17,76561198100001022,AVARA KÉRABA,2,124039,Luiz,64,84,76561198397576589,elite,6,player_hurt,c3ddd683
16,76561198100001022,Siraissi,2,124059,Luiz,48,75,76561198178993731,hkp2000,8,player_hurt,c3ddd683
24,76561198100001022,Connan,2,124061,Luiz,24,73,76561198026214582,fiveseven,1,player_hurt,c3ddd683
12,76561198178993731,Luiz,2,124073,Siraissi,77,85,76561198100001022,glock,7,player_hurt,c3ddd683
16,76561198100001022,Siraissi,2,124081,Luiz,8,64,76561198178993731,hkp2000,8,player_hurt,c3ddd683
25,76561198397576589,【﻿ＰＫ】,2,124141,AVARA KÉRABA,48,0,76561197996437459,tec9,0,player_hurt,c3ddd683
109,76561198178993731,Luiz,1,124145,Siraissi,0,85,76561198100001022,glock,0,player_hurt,c3ddd683
32,76561198397576589,【﻿ＰＫ】,3,124159,AVARA KÉRABA,16,0,76561197996437459,tec9,0,player_hurt,c3ddd683
37,76561197996437459,AVARA KÉRABA,3,124177,【﻿ＰＫ】,0,0,76561198397576589,elite,0,player_hurt,c3ddd683
12,76561198340888446,Luiz,2,124547,MonsTro,88,92,76561198100001022,glock,7,player_hurt,c3ddd683
16,76561198100001022,MonsTro,2,124559,Luiz,0,55,76561198340888446,hkp2000,8,player_hurt,c3ddd683
22,76561198421514418,Siraissi,2,128069,rodrigaoobrabo,78,0,76561198178993731,mp7,0,player_hurt,c3ddd683
74,76561198178993731,rodrigaoobrabo,1,128091,Siraissi,26,89,76561198421514418,p250,10,player_hurt,c3ddd683
22,76561198421514418,Siraissi,2,128109,rodrigaoobrabo,56,0,76561198178993731,mp7,0,player_hurt,c3ddd683
22,76561198421514418,Siraissi,2,128115,rodrigaoobrabo,34,0,76561198178993731,mp7,0,player_hurt,c3ddd683
72,76561198051880621,【﻿ＰＫ】,2,128119,Cujura,28,97,76561197996437459,deagle,2,player_hurt,c3ddd683
22,76561198421514418,Siraissi,2,128119,rodrigaoobrabo,12,0,76561198178993731,mp7,0,player_hurt,c3ddd683
136,76561198051880621,Luiz,1,128123,Cujura,0,92,76561198100001022,deagle,4,player_hurt,c3ddd683
28,76561198421514418,Siraissi,3,128125,rodrigaoobrabo,0,0,76561198178993731,mp7,0,player_hurt,c3ddd683
12,76561198178993731,Talevor,2,128213,Siraissi,14,81,76561198124241179,glock,7,player_hurt,c3ddd683
12,76561198178993731,Talevor,2,128245,Siraissi,2,73,76561198124241179,glock,7,player_hurt,c3ddd683
16,76561198178993731,Talevor,3,128255,Siraissi,0,63,76561198124241179,glock,9,player_hurt,c3ddd683
21,76561198124241179,Connan,2,128591,Talevor,79,0,76561198026214582,mp9,0,player_hurt,c3ddd683
15,76561198124241179,Connan,6,128611,Talevor,64,0,76561198026214582,mp9,0,player_hurt,c3ddd683
4,76561198397576589,AVARA KÉRABA,0,128615,AVARA KÉRABA,96,100,76561198397576589,inferno,0,player_hurt,c3ddd683
15,76561198124241179,Connan,7,128619,Talevor,49,0,76561198026214582,mp9,0,player_hurt,c3ddd683
4,76561198397576589,AVARA KÉRABA,0,128627,AVARA KÉRABA,92,100,76561198397576589,inferno,0,player_hurt,c3ddd683
38,76561198026214582,Luiz,5,128631,Connan,62,98,76561198100001022,deagle,1,player_hurt,c3ddd683
5,76561198397576589,AVARA KÉRABA,0,128641,AVARA KÉRABA,87,100,76561198397576589,inferno,0,player_hurt,c3ddd683
6,76561198397576589,AVARA KÉRABA,0,128653,AVARA KÉRABA,81,100,76561198397576589,inferno,0,player_hurt,c3ddd683
152,76561198026214582,Luiz,1,128661,Connan,0,92,76561198100001022,deagle,5,player_hurt,c3ddd683
7,76561198397576589,AVARA KÉRABA,0,128667,AVARA KÉRABA,74,100,76561198397576589,inferno,0,player_hurt,c3ddd683
90,76561198100001022,AVARA KÉRABA,1,128767,Luiz,10,0,76561198397576589,mp9,0,player_hurt,c3ddd683
22,76561198100001022,AVARA KÉRABA,2,128803,Luiz,0,0,76561198397576589,mp9,0,player_hurt,c3ddd683
57,76561197996437459,AVARA KÉRABA,1,128987,【﻿ＰＫ】,43,80,76561198397576589,mp9,19,player_hurt,c3ddd683
14,76561197996437459,AVARA KÉRABA,2,129009,【﻿ＰＫ】,29,75,76561198397576589,mp9,4,player_hurt,c3ddd683
14,76561197996437459,AVARA KÉRABA,2,129023,【﻿ＰＫ】,15,70,76561198397576589,mp9,4,player_hurt,c3ddd683
14,76561197996437459,AVARA KÉRABA,2,129033,【﻿ＰＫ】,1,65,76561198397576589,mp9,4,player_hurt,c3ddd683
14,76561197996437459,AVARA KÉRABA,2,129037,【﻿ＰＫ】,0,60,76561198397576589,mp9,4,player_hurt,c3ddd683
85,76561198124241179,MonsTro,1,129119,Talevor,0,0,76561198340888446,mp9,0,player_hurt,c3ddd683
11,76561198340888446,Erick,2,130273,MonsTro,89,93,76561198000238678,glock,6,player_hurt,c3ddd683
21,76561198000238678,MonsTro,2,130279,Erick,79,0,76561198340888446,mp9,0,player_hurt,c3ddd683
84,76561198000238678,MonsTro,1,130293,Erick,0,0,76561198340888446,mp9,0,player_hurt,c3ddd683
2,76561198124241179,Cujura,0,132841,Talevor,98,100,76561198051880621,inferno,0,player_hurt,c3ddd683
3,76561198124241179,Cujura,0,132855,Talevor,95,100,76561198051880621,inferno,0,player_hurt,c3ddd683
4,76561198124241179,Cujura,0,132867,Talevor,91,100,76561198051880621,inferno,0,player_hurt,c3ddd683
4,76561198124241179,Cujura,0,132879,Talevor,87,100,76561198051880621,inferno,0,player_hurt,c3ddd683
5,76561198124241179,Cujura,0,132893,Talevor,82,100,76561198051880621,inferno,0,player_hurt,c3ddd683
34,76561198026214582,Erick,3,136265,Connan,66,95,76561198000238678,ak47,4,player_hurt,c3ddd683
17,76561198421514418,AVARA KÉRABA,3,136267,rodrigaoobrabo,83,94,76561198397576589,mp9,5,player_hurt,c3ddd683
34,76561198026214582,Erick,3,136271,Connan,32,90,76561198000238678,ak47,4,player_hurt,c3ddd683
17,76561198421514418,AVARA KÉRABA,3,136271,rodrigaoobrabo,66,88,76561198397576589,mp9,5,player_hurt,c3ddd683
27,76561198397576589,rodrigaoobrabo,2,136271,AVARA KÉRABA,73,96,76561198421514418,ak47,3,player_hurt,c3ddd683
25,76561198000238678,Connan,2,136271,Erick,75,94,76561198026214582,m4a1,5,player_hurt,c3ddd683
17,76561198421514418,AVARA KÉRABA,3,136275,rodrigaoobrabo,49,82,76561198397576589,mp9,5,player_hurt,c3ddd683
27,76561198397576589,rodrigaoobrabo,2,136277,AVARA KÉRABA,46,92,76561198421514418,ak47,3,player_hurt,c3ddd683
31,76561198000238678,Connan,3,136277,Erick,44,87,76561198026214582,m4a1,6,player_hurt,c3ddd683
14,76561198421514418,AVARA KÉRABA,2,136279,rodrigaoobrabo,35,77,76561198397576589,mp9,4,player_hurt,c3ddd683
24,76561198000238678,Connan,5,136283,Erick,20,81,76561198026214582,m4a1,5,player_hurt,c3ddd683
14,76561198421514418,AVARA KÉRABA,2,136285,rodrigaoobrabo,21,72,76561198397576589,mp9,4,player_hurt,c3ddd683
14,76561198421514418,AVARA KÉRABA,2,136289,rodrigaoobrabo,7,67,76561198397576589,mp9,4,player_hurt,c3ddd683
14,76561198421514418,AVARA KÉRABA,2,136293,rodrigaoobrabo,0,62,76561198397576589,mp9,4,player_hurt,c3ddd683
109,76561198026214582,Erick,1,136297,Connan,0,74,76561198000238678,ak47,15,player_hurt,c3ddd683
33,76561198397576589,Talevor,3,136399,AVARA KÉRABA,13,87,76561198124241179,ak47,4,player_hurt,c3ddd683
26,76561198397576589,Talevor,6,136413,AVARA KÉRABA,0,87,76561198124241179,ak47,0,player_hurt,c3ddd683
27,76561198051880621,Luiz,2,136493,Cujura,73,96,76561198100001022,ak47,3,player_hurt,c3ddd683
15,76561198100001022,Cujura,3,136509,Luiz,85,94,76561198051880621,mp9,5,player_hurt,c3ddd683
33,76561198051880621,Luiz,3,136513,Cujura,40,91,76561198100001022,ak47,4,player_hurt,c3ddd683
15,76561198100001022,Cujura,3,136527,Luiz,70,88,76561198051880621,mp9,5,player_hurt,c3ddd683
12,76561198100001022,Cujura,2,136531,Luiz,58,83,76561198051880621,mp9,4,player_hurt,c3ddd683
108,76561198051880621,Luiz,1,136531,Cujura,0,75,76561198100001022,ak47,15,player_hurt,c3ddd683
28,76561198178993731,【﻿ＰＫ】,3,137715,Siraissi,72,95,76561197996437459,galilar,4,player_hurt,c3ddd683
28,76561198178993731,【﻿ＰＫ】,3,137727,Siraissi,44,90,76561197996437459,galilar,4,player_hurt,c3ddd683
55,76561197996437459,MonsTro,1,137731,【﻿ＰＫ】,45,81,76561198340888446,mp9,18,player_hurt,c3ddd683
28,76561198178993731,【﻿ＰＫ】,3,137733,Siraissi,16,85,76561197996437459,galilar,4,player_hurt,c3ddd683
13,76561197996437459,MonsTro,2,137735,【﻿ＰＫ】,32,76,76561198340888446,mp9,4,player_hurt,c3ddd683
28,76561198178993731,【﻿ＰＫ】,3,137739,Siraissi,0,80,76561197996437459,galilar,4,player_hurt,c3ddd683
13,76561197996437459,MonsTro,2,137741,【﻿ＰＫ】,19,71,76561198340888446,mp9,4,player_hurt,c3ddd683
13,76561197996437459,MonsTro,2,137749,【﻿ＰＫ】,6,66,76561198340888446,mp9,4,player_hurt,c3ddd683
13,76561197996437459,MonsTro,2,137753,【﻿ＰＫ】,0,61,76561198340888446,mp9,4,player_hurt,c3ddd683
109,76561198340888446,Talevor,1,137903,MonsTro,0,77,76561198124241179,ak47,15,player_hurt,c3ddd683
27,76561198051880621,rodrigaoobrabo,2,140587,Cujura,73,96,76561198421514418,ak47,3,player_hurt,c3ddd683
54,76561198421514418,Cujura,1,140597,rodrigaoobrabo,46,81,76561198051880621,mp9,18,player_hurt,c3ddd683
27,76561198051880621,rodrigaoobrabo,5,140599,Cujura,46,92,76561198421514418,ak47,3,player_hurt,c3ddd683
13,76561198421514418,Cujura,2,140603,rodrigaoobrabo,33,76,76561198051880621,mp9,4,player_hurt,c3ddd683
27,76561198051880621,rodrigaoobrabo,2,140607,Cujura,19,88,76561198421514418,ak47,3,player_hurt,c3ddd683
13,76561198421514418,Cujura,2,140607,rodrigaoobrabo,20,71,76561198051880621,mp9,4,player_hurt,c3ddd683
27,76561198051880621,rodrigaoobrabo,2,140619,Cujura,0,84,76561198421514418,ak47,3,player_hurt,c3ddd683
110,76561198340888446,Luiz,1,140933,MonsTro,0,83,76561198100001022,ak47,16,player_hurt,c3ddd683
57,76561198100001022,Siraissi,1,140973,Luiz,43,63,76561198178993731,mp9,19,player_hurt,c3ddd683
14,76561198100001022,Siraissi,2,140981,Luiz,29,58,76561198178993731,mp9,4,player_hurt,c3ddd683
14,76561198100001022,Siraissi,2,140987,Luiz,15,53,76561198178993731,mp9,4,player_hurt,c3ddd683
14,76561198100001022,Siraissi,2,140991,Luiz,1,48,76561198178993731,mp9,4,player_hurt,c3ddd683
18,76561198100001022,Siraissi,3,140995,Luiz,0,41,76561198178993731,mp9,6,player_hurt,c3ddd683
14,76561197996437459,Siraissi,2,141023,【﻿ＰＫ】,86,95,76561198178993731,mp9,4,player_hurt,c3ddd683
14,76561197996437459,Siraissi,2,141027,【﻿ＰＫ】,72,90,76561198178993731,mp9,4,player_hurt,c3ddd683
23,76561198178993731,【﻿ＰＫ】,2,141041,Siraissi,77,96,76561197996437459,galilar,3,player_hurt,c3ddd683
14,76561197996437459,Siraissi,5,141049,【﻿ＰＫ】,58,85,76561198178993731,mp9,4,player_hurt,c3ddd683
28,76561198178993731,【﻿ＰＫ】,3,141059,Siraissi,49,91,76561197996437459,galilar,4,player_hurt,c3ddd683
28,76561198178993731,【﻿ＰＫ】,3,141065,Siraissi,21,86,76561197996437459,galilar,4,player_hurt,c3ddd683
22,76561198178993731,【﻿ＰＫ】,6,141071,Siraissi,0,86,76561197996437459,galilar,0,player_hurt,c3ddd683
21,76561198000238678,AVARA KÉRABA,3,141431,Erick,79,76,76561198397576589,m4a1,4,player_hurt,c3ddd683
26,76561198397576589,Erick,2,141455,AVARA KÉRABA,74,96,76561198000238678,ak47,3,player_hurt,c3ddd683
25,76561198000238678,AVARA KÉRABA,7,141461,Erick,54,76,76561198397576589,m4a1,0,player_hurt,c3ddd683
107,76561198397576589,Erick,1,141461,AVARA KÉRABA,0,80,76561198000238678,ak47,15,player_hurt,c3ddd683
14,76561198421514418,Connan,5,141863,rodrigaoobrabo,6,66,76561198026214582,mp9,4,player_hurt,c3ddd683
59,76561198421514418,Connan,1,141867,rodrigaoobrabo,0,46,76561198026214582,mp9,19,player_hurt,c3ddd683
13,76561198000238678,Connan,2,142493,Erick,41,71,76561198026214582,mp9,4,player_hurt,c3ddd683
13,76561198000238678,Connan,2,142499,Erick,28,66,76561198026214582,mp9,4,player_hurt,c3ddd683
27,76561198026214582,Erick,2,142501,Connan,73,95,76561198000238678,ak47,3,player_hurt,c3ddd683
34,76561198026214582,Erick,3,142507,Connan,39,90,76561198000238678,ak47,4,player_hurt,c3ddd683
34,76561198026214582,Erick,3,142513,Connan,5,85,76561198000238678,ak47,4,player_hurt,c3ddd683
26,76561198026214582,Erick,6,142521,Connan,0,85,76561198000238678,ak47,0,player_hurt,c3ddd683
6,76561198051880621,None,0,144872,Cujura,94,0,0,,0,player_hurt,c3ddd683
35,76561198397576589,Erick,2,145224,AVARA KÉRABA,65,0,76561198000238678,ak47,0,player_hurt,c3ddd683
26,76561198397576589,Erick,7,145250,AVARA KÉRABA,39,0,76561198000238678,ak47,0,player_hurt,c3ddd683
115,76561198000238678,AVARA KÉRABA,0,145256,Erick,0,66,76561198397576589,taser,0,player_hurt,c3ddd683
152,76561198421514418,Connan,0,145380,rodrigaoobrabo,0,100,76561198026214582,taser,0,player_hurt,c3ddd683
23,76561198100001022,MonsTro,2,147494,Luiz,77,93,76561198340888446,p250,6,player_hurt,c3ddd683
35,76561198340888446,Luiz,4,147508,MonsTro,65,0,76561198100001022,ak47,0,player_hurt,c3ddd683
44,76561198340888446,Luiz,3,147516,MonsTro,21,0,76561198100001022,ak47,0,player_hurt,c3ddd683
44,76561198340888446,Luiz,3,147522,MonsTro,0,0,76561198100001022,ak47,0,player_hurt,c3ddd683
3,76561198051880621,Talevor,2,147880,Cujura,91,0,76561198124241179,ak47,0,player_hurt,c3ddd683
35,76561198051880621,Talevor,2,147898,Cujura,56,0,76561198124241179,ak47,0,player_hurt,c3ddd683
69,76561198100001022,Cujura,1,148066,Luiz,8,58,76561198051880621,hkp2000,34,player_hurt,c3ddd683
35,76561198051880621,Luiz,2,148068,Cujura,21,0,76561198100001022,ak47,0,player_hurt,c3ddd683
69,76561198100001022,Cujura,1,148076,Luiz,0,23,76561198051880621,hkp2000,34,player_hurt,c3ddd683
21,76561198124241179,Cujura,3,148088,Talevor,79,89,76561198051880621,hkp2000,10,player_hurt,c3ddd683
25,76561198124241179,Cujura,7,148098,Talevor,54,89,76561198051880621,hkp2000,0,player_hurt,c3ddd683
35,76561198051880621,Talevor,2,148108,Cujura,0,0,76561198124241179,ak47,0,player_hurt,c3ddd683
21,76561198124241179,Siraissi,2,148788,Talevor,33,87,76561198178993731,fiveseven,1,player_hurt,c3ddd683
26,76561198124241179,Siraissi,3,148808,Talevor,7,85,76561198178993731,fiveseven,1,player_hurt,c3ddd683
26,76561198124241179,Siraissi,3,148818,Talevor,0,83,76561198178993731,fiveseven,1,player_hurt,c3ddd683
25,76561197996437459,Siraissi,2,149092,【﻿ＰＫ】,75,83,76561198178993731,fiveseven,1,player_hurt,c3ddd683
142,76561198178993731,【﻿ＰＫ】,1,149094,Siraissi,0,0,76561197996437459,ak47,0,player_hurt,c3ddd683
27,76561197996437459,AVARA KÉRABA,2,149124,【﻿ＰＫ】,48,79,76561198397576589,ak47,3,player_hurt,c3ddd683
34,76561197996437459,AVARA KÉRABA,3,149130,【﻿ＰＫ】,14,74,76561198397576589,ak47,4,player_hurt,c3ddd683
34,76561197996437459,AVARA KÉRABA,3,149142,【﻿ＰＫ】,0,69,76561198397576589,ak47,4,player_hurt,c3ddd683
21,76561198124241179,MonsTro,5,152139,Talevor,79,95,76561198340888446,m4a1,4,player_hurt,c3ddd683
32,76561198340888446,Talevor,3,152149,MonsTro,68,95,76561198124241179,ak47,4,player_hurt,c3ddd683
26,76561198340888446,Talevor,2,152155,MonsTro,42,91,76561198124241179,ak47,3,player_hurt,c3ddd683
26,76561198340888446,Talevor,2,152161,MonsTro,16,87,76561198124241179,ak47,3,player_hurt,c3ddd683
33,76561198000238678,AVARA KÉRABA,3,152841,Erick,67,95,76561198397576589,ak47,4,player_hurt,c3ddd683
27,76561198397576589,Erick,2,152865,AVARA KÉRABA,73,96,76561198000238678,ak47,3,player_hurt,c3ddd683
27,76561198397576589,Erick,2,152885,AVARA KÉRABA,46,92,76561198000238678,ak47,3,player_hurt,c3ddd683
27,76561198000238678,AVARA KÉRABA,2,152885,Erick,40,91,76561198397576589,ak47,3,player_hurt,c3ddd683
33,76561198000238678,AVARA KÉRABA,3,152899,Erick,7,86,76561198397576589,ak47,4,player_hurt,c3ddd683
27,76561198000238678,AVARA KÉRABA,2,152905,Erick,0,82,76561198397576589,ak47,3,player_hurt,c3ddd683
26,76561198026214582,rodrigaoobrabo,2,153531,Connan,74,96,76561198421514418,ak47,3,player_hurt,c3ddd683
107,76561198026214582,rodrigaoobrabo,1,153541,Connan,0,80,76561198421514418,ak47,15,player_hurt,c3ddd683
22,76561198100001022,MonsTro,2,155887,Luiz,78,95,76561198340888446,m4a1,4,player_hurt,c3ddd683
27,76561198100001022,MonsTro,3,155899,Luiz,51,89,76561198340888446,m4a1,5,player_hurt,c3ddd683
108,76561198340888446,Luiz,1,155899,MonsTro,0,71,76561198100001022,ak47,15,player_hurt,c3ddd683
9,76561197996437459,Luiz,4,155905,【﻿ＰＫ】,91,98,76561198100001022,ak47,1,player_hurt,c3ddd683
9,76561197996437459,Luiz,2,155913,【﻿ＰＫ】,82,96,76561198100001022,ak47,1,player_hurt,c3ddd683
9,76561197996437459,Luiz,5,155919,【﻿ＰＫ】,73,94,76561198100001022,ak47,1,player_hurt,c3ddd683
24,76561197996437459,Cujura,5,155923,【﻿ＰＫ】,49,88,76561198051880621,m4a1,5,player_hurt,c3ddd683
30,76561197996437459,Cujura,3,155929,【﻿ＰＫ】,19,81,76561198051880621,m4a1,6,player_hurt,c3ddd683
24,76561197996437459,Cujura,4,155971,【﻿ＰＫ】,0,75,76561198051880621,m4a1,5,player_hurt,c3ddd683
24,76561198100001022,Cujura,2,156315,Luiz,27,83,76561198051880621,m4a1,5,player_hurt,c3ddd683
24,76561198100001022,Cujura,5,156321,Luiz,3,77,76561198051880621,m4a1,5,player_hurt,c3ddd683
26,76561198100001022,Cujura,6,156329,Luiz,0,77,76561198051880621,m4a1,0,player_hurt,c3ddd683
27,76561198051880621,Talevor,2,156861,Cujura,73,96,76561198124241179,ak47,3,player_hurt,c3ddd683
27,76561198051880621,Talevor,2,156867,Cujura,46,92,76561198124241179,ak47,3,player_hurt,c3ddd683
27,76561198051880621,Talevor,2,156875,Cujura,19,88,76561198124241179,ak47,3,player_hurt,c3ddd683
27,76561198051880621,Talevor,2,156919,Cujura,0,84,76561198124241179,ak47,3,player_hurt,c3ddd683
24,76561198124241179,Siraissi,5,157023,Talevor,55,89,76561198178993731,m4a1,5,player_hurt,c3ddd683
24,76561198124241179,Siraissi,2,157029,Talevor,31,83,76561198178993731,m4a1,5,player_hurt,c3ddd683
24,76561198124241179,Siraissi,2,157035,Talevor,7,77,76561198178993731,m4a1,5,player_hurt,c3ddd683
30,76561198124241179,Siraissi,3,157055,Talevor,0,70,76561198178993731,m4a1,6,player_hurt,c3ddd683
25,76561198421514418,Siraissi,2,158027,rodrigaoobrabo,75,94,76561198178993731,m4a1,5,player_hurt,c3ddd683
25,76561198421514418,Siraissi,2,158033,rodrigaoobrabo,50,88,76561198178993731,m4a1,5,player_hurt,c3ddd683
25,76561198421514418,Siraissi,2,158039,rodrigaoobrabo,25,82,76561198178993731,m4a1,5,player_hurt,c3ddd683
27,76561198178993731,rodrigaoobrabo,4,158041,Siraissi,73,96,76561198421514418,ak47,3,player_hurt,c3ddd683
27,76561198178993731,rodrigaoobrabo,2,158047,Siraissi,46,92,76561198421514418,ak47,3,player_hurt,c3ddd683
25,76561198421514418,Siraissi,2,158047,rodrigaoobrabo,0,76,76561198178993731,m4a1,5,player_hurt,c3ddd683
5,76561198000238678,Cujura,0,160343,Erick,95,0,76561198051880621,inferno,0,player_hurt,c3ddd683
6,76561198000238678,Cujura,0,160357,Erick,89,0,76561198051880621,inferno,0,player_hurt,c3ddd683
7,76561198000238678,Cujura,0,160369,Erick,82,0,76561198051880621,inferno,0,player_hurt,c3ddd683
8,76561198000238678,Cujura,0,160381,Erick,74,0,76561198051880621,inferno,0,player_hurt,c3ddd683
8,76561198000238678,Cujura,0,160395,Erick,66,0,76561198051880621,inferno,0,player_hurt,c3ddd683
8,76561198000238678,Cujura,0,160407,Erick,58,0,76561198051880621,inferno,0,player_hurt,c3ddd683
8,76561198000238678,Cujura,0,160421,Erick,50,0,76561198051880621,inferno,0,player_hurt,c3ddd683
33,76561198100001022,Cujura,0,160679,Luiz,67,88,76561198051880621,hegrenade,11,player_hurt,c3ddd683
23,76561197996437459,Cujura,0,160679,【﻿ＰＫ】,77,0,76561198051880621,hegrenade,0,player_hurt,c3ddd683
12,76561198124241179,Cujura,0,160679,Talevor,88,0,76561198051880621,hegrenade,0,player_hurt,c3ddd683
50,76561198340888446,Luiz,3,162037,MonsTro,50,98,76561198100001022,deagle,1,player_hurt,c3ddd683
22,76561198100001022,MonsTro,2,162051,Luiz,45,83,76561198340888446,m4a1,4,player_hurt,c3ddd683
22,76561198100001022,MonsTro,2,162057,Luiz,23,78,76561198340888446,m4a1,4,player_hurt,c3ddd683
31,76561198000238678,MonsTro,2,162069,Erick,19,0,76561198340888446,m4a1,0,player_hurt,c3ddd683
22,76561198100001022,MonsTro,2,162087,Luiz,1,73,76561198340888446,m4a1,4,player_hurt,c3ddd683
27,76561198340888446,Erick,3,162101,MonsTro,23,96,76561198000238678,tec9,1,player_hurt,c3ddd683
208,76561198340888446,rodrigaoobrabo,0,162117,MonsTro,0,96,76561198421514418,taser,0,player_hurt,c3ddd683
15,76561198051880621,Talevor,3,162179,Cujura,85,91,76561198124241179,glock,8,player_hurt,c3ddd683
44,76561198124241179,Cujura,3,162193,Talevor,44,0,76561198051880621,ak47,0,player_hurt,c3ddd683
44,76561198124241179,Cujura,3,162199,Talevor,0,0,76561198051880621,ak47,0,player_hurt,c3ddd683
112,76561198000238678,Siraissi,1,162601,Erick,0,0,76561198178993731,m4a1,0,player_hurt,c3ddd683
34,76561198421514418,Cujura,2,162881,rodrigaoobrabo,66,0,76561198051880621,ak47,0,player_hurt,c3ddd683
43,76561198421514418,Cujura,3,162887,rodrigaoobrabo,23,0,76561198051880621,ak47,0,player_hurt,c3ddd683
32,76561198421514418,Siraissi,2,162893,rodrigaoobrabo,0,0,76561198178993731,m4a1,0,player_hurt,c3ddd683
24,76561198100001022,Siraissi,7,162993,Luiz,0,73,76561198178993731,m4a1,0,player_hurt,c3ddd683
46,76561198178993731,【﻿ＰＫ】,1,164883,Siraissi,54,65,76561197996437459,glock,26,player_hurt,c3ddd683
11,76561198178993731,【﻿ＰＫ】,2,164893,Siraissi,43,58,76561197996437459,glock,6,player_hurt,c3ddd683
35,76561197996437459,Siraissi,5,164893,【﻿ＰＫ】,42,0,76561198178993731,m4a1,0,player_hurt,c3ddd683
44,76561197996437459,Siraissi,3,164919,【﻿ＰＫ】,0,0,76561198178993731,m4a1,0,player_hurt,c3ddd683
27,76561198124241179,Cujura,4,167607,Talevor,73,96,76561198051880621,ak47,3,player_hurt,c3ddd683
27,76561198124241179,Cujura,2,167615,Talevor,46,92,76561198051880621,ak47,3,player_hurt,c3ddd683
34,76561198124241179,Cujura,3,167621,Talevor,12,87,76561198051880621,ak47,4,player_hurt,c3ddd683
27,76561198124241179,Cujura,2,167633,Talevor,0,83,76561198051880621,ak47,3,player_hurt,c3ddd683
27,76561198000238678,Cujura,2,167647,Erick,73,96,76561198051880621,ak47,3,player_hurt,c3ddd683
27,76561198000238678,Cujura,2,167653,Erick,46,92,76561198051880621,ak47,3,player_hurt,c3ddd683
27,76561198000238678,Cujura,2,167659,Erick,19,88,76561198051880621,ak47,3,player_hurt,c3ddd683
27,76561198000238678,Cujura,2,167711,Erick,0,84,76561198051880621,ak47,3,player_hurt,c3ddd683
33,76561198100001022,Cujura,3,167731,Luiz,67,95,76561198051880621,ak47,4,player_hurt,c3ddd683
27,76561198051880621,Luiz,2,167733,Cujura,73,87,76561198100001022,ak47,3,player_hurt,c3ddd683
27,76561198100001022,Cujura,4,167737,Luiz,40,91,76561198051880621,ak47,3,player_hurt,c3ddd683
27,76561198100001022,Cujura,2,167743,Luiz,13,87,76561198051880621,ak47,3,player_hurt,c3ddd683
27,76561198051880621,Luiz,2,167753,Cujura,46,83,76561198100001022,ak47,3,player_hurt,c3ddd683
108,76561198051880621,Luiz,1,167759,Cujura,0,67,76561198100001022,ak47,15,player_hurt,c3ddd683
23,76561197996437459,MonsTro,5,168787,【﻿ＰＫ】,77,95,76561198340888446,m4a1,4,player_hurt,c3ddd683
28,76561197996437459,MonsTro,3,168793,【﻿ＰＫ】,49,88,76561198340888446,m4a1,6,player_hurt,c3ddd683
107,76561198340888446,rodrigaoobrabo,1,168939,MonsTro,0,84,76561198421514418,ak47,15,player_hurt,c3ddd683
22,76561197996437459,Siraissi,2,169823,【﻿ＰＫ】,27,83,76561198178993731,m4a1,4,player_hurt,c3ddd683
79,76561197996437459,Siraissi,1,169837,【﻿ＰＫ】,0,66,76561198178993731,m4a1,16,player_hurt,c3ddd683
24,76561198100001022,Siraissi,2,170249,Luiz,0,81,76561198178993731,m4a1,5,player_hurt,c3ddd683
27,76561198178993731,rodrigaoobrabo,2,170623,Siraissi,73,96,76561198421514418,ak47,3,player_hurt,c3ddd683
27,76561198178993731,rodrigaoobrabo,2,170657,Siraissi,46,92,76561198421514418,ak47,3,player_hurt,c3ddd683
27,76561198178993731,rodrigaoobrabo,2,170663,Siraissi,19,88,76561198421514418,ak47,3,player_hurt,c3ddd683
27,76561198421514418,Siraissi,7,170675,rodrigaoobrabo,73,100,76561198178993731,m4a1,0,player_hurt,c3ddd683
27,76561198178993731,rodrigaoobrabo,5,170675,Siraissi,0,84,76561198421514418,ak47,3,player_hurt,c3ddd683
29,76561198421514418,Connan,3,170799,rodrigaoobrabo,44,93,76561198026214582,m4a1,6,player_hurt,c3ddd683
13,76561198421514418,Connan,3,170805,rodrigaoobrabo,31,90,76561198026214582,m4a1,2,player_hurt,c3ddd683
29,76561198421514418,Connan,3,170945,rodrigaoobrabo,2,83,76561198026214582,m4a1,6,player_hurt,c3ddd683
23,76561198421514418,Connan,5,170985,rodrigaoobrabo,0,77,76561198026214582,m4a1,5,player_hurt,c3ddd683
25,76561198340888446,Luiz,2,174209,MonsTro,75,96,76561198100001022,ak47,3,player_hurt,c3ddd683
25,76561198340888446,Luiz,2,174223,MonsTro,50,92,76561198100001022,ak47,3,player_hurt,c3ddd683
108,76561198100001022,MonsTro,2,174229,Luiz,0,98,76561198340888446,awp,1,player_hurt,c3ddd683
110,76561198026214582,rodrigaoobrabo,1,175029,Connan,0,83,76561198421514418,ak47,16,player_hurt,c3ddd683
22,76561197996437459,Cujura,2,175843,【﻿ＰＫ】,78,95,76561198051880621,m4a1,4,player_hurt,c3ddd683
22,76561197996437459,Cujura,4,175861,【﻿ＰＫ】,56,90,76561198051880621,m4a1,4,player_hurt,c3ddd683
27,76561198421514418,AVARA KÉRABA,2,175865,rodrigaoobrabo,73,96,76561198397576589,ak47,3,player_hurt,c3ddd683
22,76561197996437459,Cujura,2,175867,【﻿ＰＫ】,34,85,76561198051880621,m4a1,4,player_hurt,c3ddd683
22,76561197996437459,Cujura,2,175871,【﻿ＰＫ】,12,80,76561198051880621,m4a1,4,player_hurt,c3ddd683
109,76561198421514418,AVARA KÉRABA,1,175871,rodrigaoobrabo,0,80,76561198397576589,ak47,15,player_hurt,c3ddd683
22,76561197996437459,Cujura,2,175877,【﻿ＰＫ】,0,75,76561198051880621,m4a1,4,player_hurt,c3ddd683
27,76561198000238678,Cujura,3,177631,Erick,73,94,76561198051880621,m4a1,5,player_hurt,c3ddd683
1,76561198000238678,Cujura,5,177637,Erick,72,93,76561198051880621,m4a1,0,player_hurt,c3ddd683
27,76561198000238678,Cujura,3,177643,Erick,45,87,76561198051880621,m4a1,5,player_hurt,c3ddd683
27,76561198000238678,Cujura,3,177649,Erick,18,81,76561198051880621,m4a1,5,player_hurt,c3ddd683
23,76561198000238678,Cujura,6,177659,Erick,0,81,76561198051880621,m4a1,0,player_hurt,c3ddd683
26,76561198124241179,AVARA KÉRABA,5,178743,Talevor,74,95,76561198397576589,ak47,3,player_hurt,c3ddd683
9,76561198124241179,Siraissi,7,178747,Talevor,65,95,76561198178993731,m4a1,0,player_hurt,c3ddd683
13,76561198124241179,AVARA KÉRABA,3,178749,Talevor,52,93,76561198397576589,ak47,1,player_hurt,c3ddd683
26,76561198124241179,AVARA KÉRABA,2,178755,Talevor,26,89,76561198397576589,ak47,3,player_hurt,c3ddd683
107,76561198124241179,AVARA KÉRABA,1,178761,Talevor,0,73,76561198397576589,ak47,15,player_hurt,c3ddd683
19,76561198026214582,Erick,3,181388,Connan,81,92,76561198000238678,mac10,7,player_hurt,c3ddd683
15,76561198026214582,Erick,2,181402,Connan,66,86,76561198000238678,mac10,5,player_hurt,c3ddd683
15,76561198026214582,Erick,2,181406,Connan,51,80,76561198000238678,mac10,5,player_hurt,c3ddd683
18,76561198026214582,Talevor,6,181432,Connan,33,80,76561198124241179,p90,0,player_hurt,c3ddd683
21,76561198026214582,Talevor,3,181436,Connan,12,75,76561198124241179,p90,4,player_hurt,c3ddd683
17,76561198026214582,Talevor,2,181440,Connan,0,71,76561198124241179,p90,3,player_hurt,c3ddd683
28,76561198124241179,AVARA KÉRABA,0,181562,Talevor,72,90,76561198397576589,hegrenade,9,player_hurt,c3ddd683
11,76561198397576589,Luiz,5,181720,AVARA KÉRABA,89,98,76561198100001022,galilar,1,player_hurt,c3ddd683
15,76561198397576589,Talevor,2,181732,AVARA KÉRABA,74,94,76561198124241179,p90,3,player_hurt,c3ddd683
11,76561198397576589,Luiz,4,181732,AVARA KÉRABA,63,92,76561198100001022,galilar,1,player_hurt,c3ddd683
34,76561198124241179,AVARA KÉRABA,3,181732,Talevor,38,85,76561198397576589,ak47,4,player_hurt,c3ddd683
15,76561198397576589,Talevor,2,181750,AVARA KÉRABA,48,88,76561198124241179,p90,3,player_hurt,c3ddd683
15,76561198397576589,Talevor,2,181756,AVARA KÉRABA,33,84,76561198124241179,p90,3,player_hurt,c3ddd683
15,76561198397576589,Talevor,2,181760,AVARA KÉRABA,18,80,76561198124241179,p90,3,player_hurt,c3ddd683
15,76561198397576589,Talevor,2,181764,AVARA KÉRABA,3,76,76561198124241179,p90,3,player_hurt,c3ddd683
11,76561198397576589,Luiz,5,181766,AVARA KÉRABA,0,74,76561198100001022,galilar,1,player_hurt,c3ddd683
1,76561198000238678,MonsTro,0,182514,Erick,99,99,76561198340888446,hegrenade,0,player_hurt,c3ddd683
87,76561198051880621,Luiz,1,182944,Cujura,13,87,76561198100001022,galilar,12,player_hurt,c3ddd683
21,76561198051880621,Luiz,2,182976,Cujura,0,83,76561198100001022,galilar,3,player_hurt,c3ddd683
23,76561198100001022,Siraissi,2,183570,Luiz,77,95,76561198178993731,m4a1,4,player_hurt,c3ddd683
23,76561198178993731,Luiz,2,183572,Siraissi,77,95,76561198100001022,m4a1,4,player_hurt,c3ddd683
23,76561198100001022,Siraissi,2,183582,Luiz,54,90,76561198178993731,m4a1,4,player_hurt,c3ddd683
28,76561198178993731,Luiz,3,183586,Siraissi,49,88,76561198100001022,m4a1,6,player_hurt,c3ddd683
24,76561198100001022,Siraissi,6,183602,Luiz,30,90,76561198178993731,m4a1,0,player_hurt,c3ddd683
7,76561198178993731,Luiz,3,183610,Siraissi,42,86,76561198100001022,m4a1,1,player_hurt,c3ddd683
23,76561198178993731,Luiz,2,183686,Siraissi,19,81,76561198100001022,m4a1,4,player_hurt,c3ddd683
23,76561198100001022,Siraissi,2,183688,Luiz,7,85,76561198178993731,m4a1,4,player_hurt,c3ddd683
23,76561198178993731,Luiz,2,183696,Siraissi,0,76,76561198100001022,m4a1,4,player_hurt,c3ddd683
28,76561198124241179,MonsTro,3,184466,Talevor,10,76,76561198340888446,p250,8,player_hurt,c3ddd683
23,76561198124241179,MonsTro,2,184476,Talevor,0,69,76561198340888446,p250,6,player_hurt,c3ddd683
14,76561198000238678,None,0,184770,Erick,85,91,0,,7,player_hurt,c3ddd683
12,76561198340888446,None,0,184770,MonsTro,88,85,0,,6,player_hurt,c3ddd683
5,76561198421514418,None,0,184770,rodrigaoobrabo,95,97,0,,2,player_hurt,c3ddd683
4,76561197996437459,None,0,184770,【﻿ＰＫ】,96,97,0,,2,player_hurt,c3ddd683
33,76561198340888446,Erick,3,185110,MonsTro,55,80,76561198000238678,ak47,4,player_hurt,c3ddd683
26,76561198340888446,Erick,2,185116,MonsTro,29,76,76561198000238678,ak47,3,player_hurt,c3ddd683
26,76561198340888446,Erick,2,185122,MonsTro,3,72,76561198000238678,ak47,3,player_hurt,c3ddd683
19,76561198000238678,MonsTro,2,185192,Erick,66,85,76561198340888446,p250,5,player_hurt,c3ddd683
18,76561198397576589,None,0,187099,AVARA KÉRABA,82,100,0,,0,player_hurt,c3ddd683
3,76561197996437459,AVARA KÉRABA,0,187331,【﻿ＰＫ】,97,97,76561198397576589,inferno,0,player_hurt,c3ddd683
4,76561197996437459,AVARA KÉRABA,0,187343,【﻿ＰＫ】,93,97,76561198397576589,inferno,0,player_hurt,c3ddd683
4,76561198124241179,AVARA KÉRABA,0,187355,Talevor,96,100,76561198397576589,inferno,0,player_hurt,c3ddd683
4,76561197996437459,AVARA KÉRABA,0,187355,【﻿ＰＫ】,89,97,76561198397576589,inferno,0,player_hurt,c3ddd683
5,76561198124241179,AVARA KÉRABA,0,187369,Talevor,91,100,76561198397576589,inferno,0,player_hurt,c3ddd683
5,76561197996437459,AVARA KÉRABA,0,187369,【﻿ＰＫ】,84,97,76561198397576589,inferno,0,player_hurt,c3ddd683
26,76561198124241179,AVARA KÉRABA,6,187489,Talevor,65,100,76561198397576589,m4a1,0,player_hurt,c3ddd683
30,76561198124241179,AVARA KÉRABA,3,187527,Talevor,35,93,76561198397576589,m4a1,6,player_hurt,c3ddd683
26,76561198124241179,AVARA KÉRABA,7,187535,Talevor,9,93,76561198397576589,m4a1,0,player_hurt,c3ddd683
30,76561198124241179,AVARA KÉRABA,3,187541,Talevor,0,86,76561198397576589,m4a1,6,player_hurt,c3ddd683
27,76561198397576589,【﻿ＰＫ】,2,187551,AVARA KÉRABA,55,96,76561197996437459,ak47,3,player_hurt,c3ddd683
26,76561197996437459,AVARA KÉRABA,6,187573,【﻿ＰＫ】,58,97,76561198397576589,m4a1,0,player_hurt,c3ddd683
21,76561197996437459,Cujura,5,187583,【﻿ＰＫ】,37,92,76561198051880621,m4a1,4,player_hurt,c3ddd683
21,76561197996437459,Cujura,2,187589,【﻿ＰＫ】,16,87,76561198051880621,m4a1,4,player_hurt,c3ddd683
21,76561197996437459,Cujura,2,187601,【﻿ＰＫ】,0,82,76561198051880621,m4a1,4,player_hurt,c3ddd683
20,76561198421514418,Cujura,2,187773,rodrigaoobrabo,80,92,76561198051880621,m4a1,4,player_hurt,c3ddd683
11,76561198051880621,rodrigaoobrabo,5,187801,Cujura,89,97,76561198421514418,p90,2,player_hurt,c3ddd683
14,76561198397576589,rodrigaoobrabo,5,187809,AVARA KÉRABA,41,92,76561198421514418,p90,3,player_hurt,c3ddd683
14,76561198397576589,rodrigaoobrabo,5,187815,AVARA KÉRABA,27,88,76561198421514418,p90,3,player_hurt,c3ddd683
14,76561198397576589,rodrigaoobrabo,4,187819,AVARA KÉRABA,13,84,76561198421514418,p90,3,player_hurt,c3ddd683
21,76561198421514418,Cujura,2,187819,rodrigaoobrabo,59,87,76561198051880621,m4a1,4,player_hurt,c3ddd683
30,76561198421514418,AVARA KÉRABA,3,187827,rodrigaoobrabo,29,80,76561198397576589,m4a1,6,player_hurt,c3ddd683
23,76561198421514418,Connan,2,187849,rodrigaoobrabo,6,74,76561198026214582,m4a1,5,player_hurt,c3ddd683
23,76561198421514418,Connan,2,187857,rodrigaoobrabo,0,68,76561198026214582,m4a1,5,player_hurt,c3ddd683
24,76561198100001022,Connan,5,187961,Luiz,76,79,76561198026214582,m4a1,5,player_hurt,c3ddd683
24,76561198026214582,Luiz,2,187961,Connan,76,94,76561198100001022,m4a1,5,player_hurt,c3ddd683
30,76561198026214582,Luiz,3,187967,Connan,46,87,76561198100001022,m4a1,6,player_hurt,c3ddd683
85,76561198100001022,Connan,1,187967,Luiz,0,60,76561198026214582,m4a1,18,player_hurt,c3ddd683
31,76561198000238678,AVARA KÉRABA,3,187967,Erick,69,78,76561198397576589,m4a1,6,player_hurt,c3ddd683
31,76561198000238678,AVARA KÉRABA,3,187975,Erick,38,71,76561198397576589,m4a1,6,player_hurt,c3ddd683
25,76561198000238678,AVARA KÉRABA,5,187981,Erick,13,65,76561198397576589,m4a1,5,player_hurt,c3ddd683
25,76561198000238678,AVARA KÉRABA,2,187989,Erick,0,59,76561198397576589,m4a1,5,player_hurt,c3ddd683
